cik,registrant_name,quarter,tier,cost_of_deposits,expense_provenance,balance_provenance,avg_method,component_coverage
19617,JPMORGAN CHASE & CO,2009-06-30,2,0.005378100053434771,reported,reported,closing_only,
19617,JPMORGAN CHASE & CO,2009-09-30,2,0.005009069136454469,reported,reported,endpoint,
19617,JPMORGAN CHASE & CO,2009-12-31,1,0.004896169807320021,reported,summed_components,closing_only,
19617,JPMORGAN CHASE & CO,2010-03-31,2,0.0036229590002521904,reported,reported,endpoint,
19617,JPMORGAN CHASE & CO,2010-06-30,1,0.005266556027239367,reported,summed_components,closing_only,
19617,JPMORGAN CHASE & CO,2010-09-30,1,0.005036325090022079,reported,summed_components,endpoint,
19617,JPMORGAN CHASE & CO,2010-12-31,1,0.004990884012529993,reported,summed_components,endpoint,
19617,JPMORGAN CHASE & CO,2011-03-31,1,0.005154631970738239,reported,summed_components,endpoint,
19617,JPMORGAN CHASE & CO,2011-06-30,1,0.006039022409720513,reported,summed_components,endpoint,
19617,JPMORGAN CHASE & CO,2011-09-30,1,0.0052870648603859476,reported,summed_components,endpoint,
19617,JPMORGAN CHASE & CO,2011-12-31,1,0.00430773124396944,reported,summed_components,endpoint,
19617,JPMORGAN CHASE & CO,2012-03-31,1,0.003772000342196707,reported,summed_components,endpoint,
19617,JPMORGAN CHASE & CO,2012-06-30,1,0.003881015541176548,reported,summed_components,endpoint,
19617,JPMORGAN CHASE & CO,2012-09-30,1,0.003315932632537986,reported,summed_components,endpoint,
19617,JPMORGAN CHASE & CO,2012-12-31,1,0.002931610540682847,reported,summed_components,endpoint,
19617,JPMORGAN CHASE & CO,2013-03-31,1,0.0027010685327993975,reported,summed_components,endpoint,
19617,JPMORGAN CHASE & CO,2013-06-30,1,0.0026294783302812604,reported,summed_components,endpoint,
19617,JPMORGAN CHASE & CO,2013-09-30,1,0.002445288745665589,reported,summed_components,endpoint,
19617,JPMORGAN CHASE & CO,2013-12-31,1,0.002155366788624121,reported,summed_components,endpoint,
19617,JPMORGAN CHASE & CO,2014-03-31,1,0.0019309843090526788,reported,summed_components,endpoint,
19617,JPMORGAN CHASE & CO,2014-06-30,1,0.0018858122587972067,reported,summed_components,endpoint,
19617,JPMORGAN CHASE & CO,2014-09-30,1,0.0018139249426045053,reported,summed_components,endpoint,
19617,JPMORGAN CHASE & CO,2014-12-31,1,0.0017552089529123676,reported,summed_components,endpoint,
19617,JPMORGAN CHASE & CO,2015-03-31,1,0.0016044527972962326,reported,summed_components,endpoint,
19617,JPMORGAN CHASE & CO,2015-06-30,1,0.001414741445091783,reported,summed_components,endpoint,
19617,JPMORGAN CHASE & CO,2015-09-30,1,0.0013940340812786099,reported,summed_components,endpoint,
19617,JPMORGAN CHASE & CO,2015-12-31,1,0.0013345322423803498,reported,summed_components,endpoint,
19617,JPMORGAN CHASE & CO,2016-03-31,1,0.0014300669338359422,reported,summed_components,endpoint,
19617,JPMORGAN CHASE & CO,2016-06-30,1,0.0013999852805285926,reported,summed_components,endpoint,
19617,JPMORGAN CHASE & CO,2016-09-30,1,0.001459608814105402,reported,summed_components,endpoint,
19617,JPMORGAN CHASE & CO,2016-12-31,1,0.0015736359330323492,reported,summed_components,endpoint,
19617,JPMORGAN CHASE & CO,2017-03-31,1,0.0019657239602622594,reported,summed_components,endpoint,
19617,JPMORGAN CHASE & CO,2017-06-30,1,0.0024745463987285,reported,summed_components,endpoint,
19617,JPMORGAN CHASE & CO,2017-09-30,1,0.003254186679315357,reported,summed_components,endpoint,
19617,JPMORGAN CHASE & CO,2017-12-31,1,0.0035176448825143414,reported,summed_components,endpoint,
19617,JPMORGAN CHASE & CO,2018-03-31,1,0.004024971913005548,reported,summed_components,endpoint,
19617,JPMORGAN CHASE & CO,2018-06-30,1,0.005052159303254448,reported,summed_components,endpoint,
19617,JPMORGAN CHASE & CO,2018-09-30,1,0.006131990045446141,reported,summed_components,endpoint,
19617,JPMORGAN CHASE & CO,2018-12-31,1,0.007339967003990543,reported,summed_components,endpoint,
19617,JPMORGAN CHASE & CO,2019-03-31,1,0.008051103163038519,reported,summed_components,endpoint,
19617,JPMORGAN CHASE & CO,2019-06-30,1,0.008690332185516804,reported,summed_components,endpoint,
19617,JPMORGAN CHASE & CO,2019-09-30,1,0.008681124095659933,reported,summed_components,endpoint,
19617,JPMORGAN CHASE & CO,2019-12-31,1,0.006901315530042389,reported,summed_components,endpoint,
19617,JPMORGAN CHASE & CO,2020-03-31,1,0.00501532659926227,reported,summed_components,endpoint,
19617,JPMORGAN CHASE & CO,2020-06-30,1,0.0010174296781904912,reported,summed_components,endpoint,
19617,JPMORGAN CHASE & CO,2020-09-30,1,0.000695419668029358,reported,summed_components,endpoint,
19617,JPMORGAN CHASE & CO,2020-12-31,1,0.0005033458779352778,reported,summed_components,endpoint,
19617,JPMORGAN CHASE & CO,2021-03-31,1,0.0003679408824847854,reported,summed_components,endpoint,
19617,JPMORGAN CHASE & CO,2021-06-30,1,0.0003231638722376528,reported,summed_components,endpoint,
19617,JPMORGAN CHASE & CO,2021-09-30,1,0.00030011558022643243,reported,summed_components,endpoint,
19617,JPMORGAN CHASE & CO,2021-12-31,1,0.0002951879426184856,reported,summed_components,endpoint,
19617,JPMORGAN CHASE & CO,2022-03-31,1,0.00041167005436815575,reported,summed_components,endpoint,
19617,JPMORGAN CHASE & CO,2022-06-30,1,0.0020280339560184253,reported,summed_components,endpoint,
19617,JPMORGAN CHASE & CO,2022-09-30,1,0.007381321855950315,reported,summed_components,endpoint,
19617,JPMORGAN CHASE & CO,2022-12-31,1,0.013903769401594187,reported,summed_components,endpoint,
19617,JPMORGAN CHASE & CO,2023-03-31,1,0.0182013071241184,reported,summed_components,endpoint,
19617,JPMORGAN CHASE & CO,2023-06-30,1,0.02252514879668006,reported,summed_components,endpoint,
19617,JPMORGAN CHASE & CO,2023-09-30,1,0.025225831475743855,reported,summed_components,endpoint,
19617,JPMORGAN CHASE & CO,2023-12-31,1,0.027890650369986617,reported,summed_components,endpoint,
19617,JPMORGAN CHASE & CO,2024-03-31,1,0.028120162321878632,reported,summed_components,endpoint,
19617,JPMORGAN CHASE & CO,2024-06-30,1,0.028517139182913133,reported,summed_components,endpoint,
19617,JPMORGAN CHASE & CO,2024-09-30,1,0.029302691138142597,reported,summed_components,endpoint,
19617,JPMORGAN CHASE & CO,2024-12-31,1,0.02683409440666354,reported,summed_components,endpoint,
19617,JPMORGAN CHASE & CO,2025-03-31,1,0.02413865617178826,reported,summed_components,endpoint,
19617,JPMORGAN CHASE & CO,2025-06-30,1,0.023841333115504,reported,summed_components,endpoint,
19617,JPMORGAN CHASE & CO,2025-09-30,1,0.024070290711403514,reported,summed_components,endpoint,
19617,JPMORGAN CHASE & CO,2025-12-31,1,0.022776179420642195,reported,summed_components,endpoint,
19617,JPMORGAN CHASE & CO,2026-03-31,1,0.020696098501676124,reported,summed_components,endpoint,
19617,JPMORGAN CHASE & CO,2026-06-30,1,0.021089129794128175,reported,summed_components,endpoint,
70858,BANK OF AMERICA CORP /DE/,2008-12-31,1,0.019825593722697328,reported,summed_components,closing_only,
70858,BANK OF AMERICA CORP /DE/,2009-06-30,1,0.011608182039934488,reported,summed_components,closing_only,
70858,BANK OF AMERICA CORP /DE/,2009-09-30,1,0.009495344643528936,reported,summed_components,endpoint,
70858,BANK OF AMERICA CORP /DE/,2009-12-31,1,0.008178981905669446,reported,summed_components,endpoint,
70858,BANK OF AMERICA CORP /DE/,2010-03-31,1,0.006270236286477707,reported,summed_components,endpoint,
70858,BANK OF AMERICA CORP /DE/,2010-06-30,1,0.005789264592133395,reported,summed_components,endpoint,
70858,BANK OF AMERICA CORP /DE/,2010-09-30,1,0.005370869112626419,reported,summed_components,endpoint,
70858,BANK OF AMERICA CORP /DE/,2010-12-31,1,0.005020772463253309,reported,summed_components,endpoint,
70858,BANK OF AMERICA CORP /DE/,2011-09-30,1,0.003946636319425271,reported,summed_components,closing_only,
70858,BANK OF AMERICA CORP /DE/,2011-12-31,1,0.0035012607522737237,reported,summed_components,endpoint,
70858,BANK OF AMERICA CORP /DE/,2012-03-31,1,0.003160098717109287,reported,summed_components,endpoint,
70858,BANK OF AMERICA CORP /DE/,2012-06-30,1,0.0030067303834739904,reported,summed_components,endpoint,
70858,BANK OF AMERICA CORP /DE/,2012-09-30,1,0.0028077503190625363,reported,summed_components,endpoint,
70858,BANK OF AMERICA CORP /DE/,2012-12-31,1,0.002469107964282493,reported,summed_components,endpoint,
70858,BANK OF AMERICA CORP /DE/,2013-03-31,1,0.00209958606001271,reported,summed_components,endpoint,
70858,BANK OF AMERICA CORP /DE/,2013-06-30,1,0.0020168081118667252,reported,summed_components,endpoint,
70858,BANK OF AMERICA CORP /DE/,2013-09-30,1,0.001842941643859804,reported,summed_components,endpoint,
70858,BANK OF AMERICA CORP /DE/,2013-12-31,1,0.0017130550891784292,reported,summed_components,endpoint,
70858,BANK OF AMERICA CORP /DE/,2014-03-31,1,0.0015651998520859246,reported,summed_components,endpoint,
70858,BANK OF AMERICA CORP /DE/,2014-06-30,1,0.0015186468425810802,reported,summed_components,endpoint,
70858,BANK OF AMERICA CORP /DE/,2014-09-30,1,0.0014853568569848906,reported,summed_components,endpoint,
70858,BANK OF AMERICA CORP /DE/,2014-12-31,1,0.0013197175971394982,reported,summed_components,endpoint,
70858,BANK OF AMERICA CORP /DE/,2015-03-31,1,0.0012134608662317972,reported,summed_components,endpoint,
70858,BANK OF AMERICA CORP /DE/,2015-06-30,1,0.001182592080328662,reported,summed_components,endpoint,
70858,BANK OF AMERICA CORP /DE/,2015-09-30,1,0.001168555216622971,reported,summed_components,endpoint,
70858,BANK OF AMERICA CORP /DE/,2015-12-31,1,0.001124764202646794,reported,summed_components,endpoint,
70858,BANK OF AMERICA CORP /DE/,2016-03-31,1,0.0011636792434533345,reported,summed_components,endpoint,
70858,BANK OF AMERICA CORP /DE/,2016-06-30,1,0.0012550964279059165,reported,summed_components,endpoint,
70858,BANK OF AMERICA CORP /DE/,2016-09-30,1,0.0013555849718626936,reported,summed_components,endpoint,
70858,BANK OF AMERICA CORP /DE/,2016-12-31,1,0.0013944326402195108,reported,summed_components,endpoint,
70858,BANK OF AMERICA CORP /DE/,2017-03-31,1,0.0013817467336634172,reported,summed_components,endpoint,
70858,BANK OF AMERICA CORP /DE/,2017-06-30,1,0.0016839390058797942,reported,summed_components,endpoint,
70858,BANK OF AMERICA CORP /DE/,2017-09-30,1,0.003003160176363469,reported,summed_components,endpoint,
70858,BANK OF AMERICA CORP /DE/,2017-12-31,1,0.0031853614112699164,reported,summed_components,endpoint,
70858,BANK OF AMERICA CORP /DE/,2018-03-31,1,0.00348412488295518,reported,summed_components,endpoint,
70858,BANK OF AMERICA CORP /DE/,2018-06-30,1,0.004299467239928965,reported,summed_components,endpoint,
70858,BANK OF AMERICA CORP /DE/,2018-09-30,1,0.005490002226128951,reported,summed_components,endpoint,
70858,BANK OF AMERICA CORP /DE/,2018-12-31,1,0.006672615204869471,reported,summed_components,endpoint,
70858,BANK OF AMERICA CORP /DE/,2019-03-31,1,0.007452964837161022,reported,summed_components,endpoint,
70858,BANK OF AMERICA CORP /DE/,2019-06-30,1,0.00810065841038492,reported,summed_components,endpoint,
70858,BANK OF AMERICA CORP /DE/,2019-09-30,1,0.007697106573707728,reported,summed_components,endpoint,
70858,BANK OF AMERICA CORP /DE/,2019-12-31,1,0.006182423426112951,reported,summed_components,endpoint,
70858,BANK OF AMERICA CORP /DE/,2020-03-31,1,0.004503898354165607,reported,summed_components,endpoint,
70858,BANK OF AMERICA CORP /DE/,2020-06-30,1,0.0013513238127800635,reported,summed_components,endpoint,
70858,BANK OF AMERICA CORP /DE/,2020-09-30,1,0.0008278198525423096,reported,summed_components,endpoint,
70858,BANK OF AMERICA CORP /DE/,2020-12-31,1,0.0005787329297672102,reported,summed_components,endpoint,
70858,BANK OF AMERICA CORP /DE/,2021-03-31,1,0.0004654823407636973,reported,summed_components,endpoint,
70858,BANK OF AMERICA CORP /DE/,2021-06-30,1,0.00044077818010265313,reported,summed_components,endpoint,
70858,BANK OF AMERICA CORP /DE/,2021-09-30,1,0.0004526057157636105,reported,summed_components,endpoint,
70858,BANK OF AMERICA CORP /DE/,2021-12-31,1,0.0004690137305409524,reported,summed_components,endpoint,
70858,BANK OF AMERICA CORP /DE/,2022-03-31,1,0.0005225894466407098,reported,summed_components,endpoint,
70858,BANK OF AMERICA CORP /DE/,2022-06-30,1,0.001034896215271349,reported,summed_components,endpoint,
70858,BANK OF AMERICA CORP /DE/,2022-09-30,1,0.004056838441747003,reported,summed_components,endpoint,
70858,BANK OF AMERICA CORP /DE/,2022-12-31,1,0.009640734756432012,reported,summed_components,endpoint,
70858,BANK OF AMERICA CORP /DE/,2023-03-31,1,0.013566517683408611,reported,summed_components,endpoint,
70858,BANK OF AMERICA CORP /DE/,2023-06-30,1,0.018051893342486698,reported,summed_components,endpoint,
70858,BANK OF AMERICA CORP /DE/,2023-09-30,1,0.022507414951332315,reported,summed_components,endpoint,
70858,BANK OF AMERICA CORP /DE/,2023-12-31,1,0.025879820066427542,reported,summed_components,endpoint,
70858,BANK OF AMERICA CORP /DE/,2024-03-31,1,0.026279453575445765,reported,summed_components,endpoint,
70858,BANK OF AMERICA CORP /DE/,2024-06-30,1,0.02760648816806075,reported,summed_components,endpoint,
70858,BANK OF AMERICA CORP /DE/,2024-09-30,1,0.028830619399162774,reported,summed_components,endpoint,
70858,BANK OF AMERICA CORP /DE/,2024-12-31,1,0.02665695439957652,reported,reported,endpoint,
70858,BANK OF AMERICA CORP /DE/,2025-03-31,1,0.023802868022237977,reported,summed_components,endpoint,
70858,BANK OF AMERICA CORP /DE/,2025-06-30,1,0.023604129839028452,reported,summed_components,endpoint,
70858,BANK OF AMERICA CORP /DE/,2025-09-30,1,0.02414092385926398,reported,summed_components,endpoint,
70858,BANK OF AMERICA CORP /DE/,2025-12-31,1,0.022315872292373556,reported,reported,endpoint,
70858,BANK OF AMERICA CORP /DE/,2026-03-31,1,0.019598526822144913,reported,summed_components,endpoint,
70858,BANK OF AMERICA CORP /DE/,2026-06-30,1,0.019828357752310944,reported,summed_components,endpoint,
831001,CITIGROUP INC,2009-09-30,1,0.012864274348284273,reported,summed_components,closing_only,
831001,CITIGROUP INC,2009-12-31,1,0.012048436387672386,reported,summed_components,endpoint,
831001,CITIGROUP INC,2010-03-31,1,0.011593225487539025,reported,summed_components,endpoint,
831001,CITIGROUP INC,2010-06-30,1,0.011437792607146795,reported,summed_components,endpoint,
831001,CITIGROUP INC,2010-09-30,1,0.011817109426849388,reported,summed_components,endpoint,
831001,CITIGROUP INC,2010-12-31,1,0.01154713477031318,reported,summed_components,endpoint,
831001,CITIGROUP INC,2011-03-31,1,0.011237216724426648,reported,summed_components,endpoint,
831001,CITIGROUP INC,2011-06-30,1,0.012389284657704343,reported,summed_components,endpoint,
831001,CITIGROUP INC,2011-09-30,1,0.012664766667448268,reported,summed_components,endpoint,
831001,CITIGROUP INC,2011-12-31,1,0.01194722679567428,reported,summed_components,endpoint,
831001,CITIGROUP INC,2012-03-31,1,0.011454808881159191,reported,summed_components,endpoint,
831001,CITIGROUP INC,2012-06-30,1,0.010611732332364617,reported,summed_components,endpoint,
831001,CITIGROUP INC,2012-09-30,1,0.010354396364888496,reported,summed_components,endpoint,
831001,CITIGROUP INC,2012-12-31,1,0.009873545776428932,reported,summed_components,endpoint,
831001,CITIGROUP INC,2013-03-31,1,0.009061835129750232,reported,summed_components,endpoint,
831001,CITIGROUP INC,2013-06-30,1,0.008475290886385326,reported,summed_components,endpoint,
831001,CITIGROUP INC,2013-09-30,1,0.007895859443103444,reported,summed_components,endpoint,
831001,CITIGROUP INC,2013-12-31,1,0.007777059374605704,reported,summed_components,endpoint,
831001,CITIGROUP INC,2014-03-31,1,0.007567389720570609,reported,summed_components,endpoint,
831001,CITIGROUP INC,2014-06-30,1,0.0077191419876790615,reported,summed_components,endpoint,
831001,CITIGROUP INC,2014-09-30,1,0.0075359062399244815,reported,summed_components,endpoint,
831001,CITIGROUP INC,2014-12-31,1,0.0075251293988145285,reported,summed_components,endpoint,
831001,CITIGROUP INC,2015-03-31,1,0.007626853599352925,reported,summed_components,endpoint,
831001,CITIGROUP INC,2015-06-30,1,0.007403250849067517,reported,summed_components,endpoint,
831001,CITIGROUP INC,2015-09-30,1,0.006992679987770004,reported,summed_components,endpoint,
831001,CITIGROUP INC,2015-12-31,1,0.0070614145472928,reported,summed_components,endpoint,
831001,CITIGROUP INC,2016-03-31,1,0.00680401855281803,reported,summed_components,endpoint,
831001,CITIGROUP INC,2016-06-30,1,0.007257037200650689,reported,summed_components,endpoint,
831001,CITIGROUP INC,2016-09-30,1,0.007997062755883147,reported,summed_components,endpoint,
831001,CITIGROUP INC,2016-12-31,1,0.007496405189883192,reported,summed_components,endpoint,
831001,CITIGROUP INC,2017-03-31,1,0.007771613426766618,reported,summed_components,endpoint,
831001,CITIGROUP INC,2017-06-30,1,0.008601313940580911,reported,summed_components,endpoint,
831001,CITIGROUP INC,2017-09-30,1,0.009453532558765023,reported,summed_components,endpoint,
831001,CITIGROUP INC,2017-12-31,1,0.009579866261008636,reported,summed_components,endpoint,
831001,CITIGROUP INC,2018-03-31,1,0.010435609623544659,reported,summed_components,endpoint,
831001,CITIGROUP INC,2018-06-30,1,0.01137335548198015,reported,summed_components,endpoint,
831001,CITIGROUP INC,2018-09-30,1,0.012871473596641444,reported,summed_components,endpoint,
831001,CITIGROUP INC,2018-12-31,1,0.013657330492738894,reported,summed_components,endpoint,
831001,CITIGROUP INC,2019-03-31,1,0.014456510772834703,reported,summed_components,endpoint,
831001,CITIGROUP INC,2019-06-30,1,0.015313548281801464,reported,summed_components,endpoint,
831001,CITIGROUP INC,2019-09-30,1,0.015205530227422874,reported,summed_components,endpoint,
831001,CITIGROUP INC,2019-12-31,1,0.009699665401735624,reported,summed_components,endpoint,
831001,CITIGROUP INC,2020-03-31,1,0.01116981841567193,reported,summed_components,endpoint,
831001,CITIGROUP INC,2020-06-30,1,0.005826775401408898,reported,summed_components,endpoint,
831001,CITIGROUP INC,2020-09-30,1,0.004977798652279301,reported,summed_components,endpoint,
831001,CITIGROUP INC,2020-12-31,1,-0.00015996815871888357,reported,summed_components,endpoint,
831001,CITIGROUP INC,2021-03-31,1,0.00269402693175589,reported,summed_components,endpoint,
831001,CITIGROUP INC,2021-06-30,1,0.0025505752471577216,reported,summed_components,endpoint,
831001,CITIGROUP INC,2021-09-30,1,0.002694231484309331,reported,summed_components,endpoint,
831001,CITIGROUP INC,2021-12-31,1,0.0028684446660709175,reported,summed_components,endpoint,
831001,CITIGROUP INC,2022-03-31,1,0.003251707753232341,reported,summed_components,endpoint,
831001,CITIGROUP INC,2022-06-30,1,0.005269422413785106,reported,summed_components,endpoint,
831001,CITIGROUP INC,2022-09-30,1,0.01218764500781761,reported,summed_components,endpoint,
831001,CITIGROUP INC,2022-12-31,1,0.021612613363300805,reported,summed_components,endpoint,
831001,CITIGROUP INC,2023-03-31,1,0.027234307171220953,reported,summed_components,endpoint,
831001,CITIGROUP INC,2023-06-30,1,0.03124862926940619,reported,summed_components,endpoint,
831001,CITIGROUP INC,2023-09-30,1,0.0349719870026229,reported,summed_components,endpoint,
831001,CITIGROUP INC,2023-12-31,1,0.037347437905551305,reported,summed_components,endpoint,
831001,CITIGROUP INC,2024-03-31,1,0.037613760761885495,reported,summed_components,endpoint,
831001,CITIGROUP INC,2024-06-30,1,0.037489606569746786,reported,summed_components,endpoint,
831001,CITIGROUP INC,2024-09-30,1,0.037791059643879965,reported,summed_components,endpoint,
831001,CITIGROUP INC,2024-12-31,1,0.0342921564613982,reported,summed_components,endpoint,
831001,CITIGROUP INC,2025-03-31,1,0.03084495548080095,reported,summed_components,endpoint,
831001,CITIGROUP INC,2025-06-30,1,0.03070125049710574,reported,summed_components,endpoint,
831001,CITIGROUP INC,2025-09-30,1,0.03140077062624627,reported,summed_components,endpoint,
831001,CITIGROUP INC,2025-12-31,1,0.029200886455481686,reported,summed_components,endpoint,
72971,WELLS FARGO & COMPANY/MN,2008-12-31,1,0.005360272136893104,reported,reported,closing_only,
72971,WELLS FARGO & COMPANY/MN,2009-06-30,1,0.005975778427876975,reported,reported,closing_only,
72971,WELLS FARGO & COMPANY/MN,2009-09-30,1,0.00569149279051376,reported,reported,endpoint,
72971,WELLS FARGO & COMPANY/MN,2009-12-31,1,0.00573244908370286,reported,reported,endpoint,
72971,WELLS FARGO & COMPANY/MN,2010-03-31,1,0.004604408486206742,reported,reported,endpoint,
72971,WELLS FARGO & COMPANY/MN,2010-06-30,1,0.004480059734129788,reported,reported,endpoint,
72971,WELLS FARGO & COMPANY/MN,2010-09-30,1,0.004539341087254037,reported,reported,endpoint,
72971,WELLS FARGO & COMPANY/MN,2010-12-31,1,0.004115805204908191,reported,reported,endpoint,
72971,WELLS FARGO & COMPANY/MN,2011-03-31,1,0.003774774836982666,reported,reported,endpoint,
72971,WELLS FARGO & COMPANY/MN,2011-06-30,1,0.0036604670330728437,reported,reported,endpoint,
72971,WELLS FARGO & COMPANY/MN,2011-09-30,1,0.0033954490959768636,reported,reported,endpoint,
72971,WELLS FARGO & COMPANY/MN,2011-12-31,1,0.00302318370462243,reported,reported,endpoint,
72971,WELLS FARGO & COMPANY/MN,2012-03-31,1,0.0027055007655471942,reported,reported,endpoint,
72971,WELLS FARGO & COMPANY/MN,2012-06-30,1,0.0026248196547443764,reported,reported,endpoint,
72971,WELLS FARGO & COMPANY/MN,2012-09-30,1,0.0025210170654595626,reported,reported,endpoint,
72971,WELLS FARGO & COMPANY/MN,2012-12-31,1,0.0022834643416154224,reported,reported,endpoint,
72971,WELLS FARGO & COMPANY/MN,2013-03-31,1,0.00204085583206356,reported,reported,endpoint,
72971,WELLS FARGO & COMPANY/MN,2013-06-30,1,0.001913588989002962,reported,reported,endpoint,
72971,WELLS FARGO & COMPANY/MN,2013-09-30,1,0.0016893585683483,reported,reported,endpoint,
72971,WELLS FARGO & COMPANY/MN,2013-12-31,1,0.001529922344850678,reported,reported,endpoint,
72971,WELLS FARGO & COMPANY/MN,2014-03-31,1,0.0014030914530231528,reported,reported,endpoint,
72971,WELLS FARGO & COMPANY/MN,2014-06-30,1,0.0013662975386149843,reported,reported,endpoint,
72971,WELLS FARGO & COMPANY/MN,2014-09-30,1,0.0013420905149104782,reported,reported,endpoint,
72971,WELLS FARGO & COMPANY/MN,2014-12-31,1,0.0012939060751656014,reported,reported,endpoint,
72971,WELLS FARGO & COMPANY/MN,2015-03-31,1,0.0012090311817576876,reported,reported,endpoint,
72971,WELLS FARGO & COMPANY/MN,2015-06-30,1,0.001089808819583207,reported,reported,endpoint,
72971,WELLS FARGO & COMPANY/MN,2015-09-30,1,0.001088777612479644,reported,reported,endpoint,
72971,WELLS FARGO & COMPANY/MN,2015-12-31,1,0.0011117832299494105,reported,reported,endpoint,
72971,WELLS FARGO & COMPANY/MN,2016-03-31,1,0.0013920258907747112,reported,reported,endpoint,
72971,WELLS FARGO & COMPANY/MN,2016-06-30,1,0.0014953767747042605,reported,reported,endpoint,
72971,WELLS FARGO & COMPANY/MN,2016-09-30,1,0.001597041883657069,reported,reported,endpoint,
72971,WELLS FARGO & COMPANY/MN,2016-12-31,1,0.0017487581084995108,reported,reported,endpoint,
72971,WELLS FARGO & COMPANY/MN,2017-03-31,1,0.0022690519934637754,reported,reported,endpoint,
72971,WELLS FARGO & COMPANY/MN,2017-06-30,1,0.002861478247270606,reported,reported,endpoint,
72971,WELLS FARGO & COMPANY/MN,2017-09-30,1,0.0037112129666108276,reported,reported,endpoint,
72971,WELLS FARGO & COMPANY/MN,2017-12-31,1,0.003914957946266046,reported,reported,endpoint,
72971,WELLS FARGO & COMPANY/MN,2018-03-31,1,0.004599464204617081,reported,reported,endpoint,
72971,WELLS FARGO & COMPANY/MN,2018-06-30,1,0.005520703454303716,reported,reported,endpoint,
72971,WELLS FARGO & COMPANY/MN,2018-09-30,1,0.0065978274265391995,reported,reported,endpoint,
72971,WELLS FARGO & COMPANY/MN,2018-12-31,1,0.0076309433672672525,reported,reported,endpoint,
72971,WELLS FARGO & COMPANY/MN,2019-03-31,1,0.008717493613016,reported,reported,endpoint,
72971,WELLS FARGO & COMPANY/MN,2019-06-30,1,0.009466230569872,reported,reported,endpoint,
72971,WELLS FARGO & COMPANY/MN,2019-09-30,1,0.00978089264323468,reported,reported,endpoint,
72971,WELLS FARGO & COMPANY/MN,2019-12-31,1,0.008582526564100227,reported,reported,endpoint,
72971,WELLS FARGO & COMPANY/MN,2020-03-31,1,0.007056259696281084,reported,reported,endpoint,
72971,WELLS FARGO & COMPANY/MN,2020-06-30,1,0.0023699706488250413,reported,reported,endpoint,
72971,WELLS FARGO & COMPANY/MN,2020-09-30,1,0.0013123949222019395,reported,reported,endpoint,
72971,WELLS FARGO & COMPANY/MN,2020-12-31,1,0.0006960171698468709,reported,reported,endpoint,
72971,WELLS FARGO & COMPANY/MN,2021-03-31,1,0.00047650830033850173,reported,reported,endpoint,
72971,WELLS FARGO & COMPANY/MN,2021-06-30,1,0.000391615178493516,reported,reported,endpoint,
72971,WELLS FARGO & COMPANY/MN,2021-09-30,1,0.00042179441569756916,reported,reported,endpoint,
72971,WELLS FARGO & COMPANY/MN,2021-12-31,1,0.0003586386288612327,reported,reported,endpoint,
72971,WELLS FARGO & COMPANY/MN,2022-03-31,1,0.00034835016326290784,reported,reported,endpoint,
72971,WELLS FARGO & COMPANY/MN,2022-06-30,1,0.0006791634898042193,reported,reported,endpoint,
72971,WELLS FARGO & COMPANY/MN,2022-09-30,1,0.002263310599121037,reported,reported,endpoint,
72971,WELLS FARGO & COMPANY/MN,2022-12-31,1,0.006974461228335989,reported,reported,endpoint,
72971,WELLS FARGO & COMPANY/MN,2023-03-31,1,0.011915679627467778,reported,reported,endpoint,
72971,WELLS FARGO & COMPANY/MN,2023-06-30,1,0.016278257670273303,reported,reported,endpoint,
72971,WELLS FARGO & COMPANY/MN,2023-09-30,1,0.019280919609486063,reported,reported,endpoint,
72971,WELLS FARGO & COMPANY/MN,2023-12-31,1,0.02166729180198559,reported,reported,endpoint,
72971,WELLS FARGO & COMPANY/MN,2024-03-31,1,0.022958408872826474,reported,reported,endpoint,
72971,WELLS FARGO & COMPANY/MN,2024-06-30,1,0.024062368846100038,reported,reported,endpoint,
72971,WELLS FARGO & COMPANY/MN,2024-09-30,1,0.025818598805213793,reported,reported,endpoint,
72971,WELLS FARGO & COMPANY/MN,2024-12-31,1,0.023892319911943568,reported,reported,endpoint,
72971,WELLS FARGO & COMPANY/MN,2025-03-31,1,0.021126778414710872,reported,reported,endpoint,
72971,WELLS FARGO & COMPANY/MN,2025-06-30,1,0.02071904629341543,reported,reported,endpoint,
72971,WELLS FARGO & COMPANY/MN,2025-09-30,1,0.021063679262040412,reported,reported,endpoint,
72971,WELLS FARGO & COMPANY/MN,2025-12-31,1,0.019369492176622913,reported,reported,endpoint,
72971,WELLS FARGO & COMPANY/MN,2026-03-31,1,0.018507338844481983,reported,reported,endpoint,
72971,WELLS FARGO & COMPANY/MN,2026-06-30,1,0.019872858380664674,reported,reported,endpoint,
886982,GOLDMAN SACHS GROUP INC,2009-06-26,2,0.011481776298333213,reported,reported,closing_only,
886982,GOLDMAN SACHS GROUP INC,2009-09-25,2,0.007258843769885225,reported,reported,closing_only,
886982,GOLDMAN SACHS GROUP INC,2010-03-31,2,0.006987886806510039,reported,reported,endpoint,
886982,GOLDMAN SACHS GROUP INC,2010-06-30,2,0.00731561858061096,reported,reported,endpoint,
886982,GOLDMAN SACHS GROUP INC,2010-09-30,2,0.00911644670588859,reported,reported,endpoint,
886982,GOLDMAN SACHS GROUP INC,2011-03-31,2,0.0074518733181535915,reported,reported,endpoint,
886982,GOLDMAN SACHS GROUP INC,2011-06-30,2,0.006998494809020854,reported,reported,endpoint,
886982,GOLDMAN SACHS GROUP INC,2011-09-30,2,0.006435404626065864,reported,reported,endpoint,
886982,GOLDMAN SACHS GROUP INC,2012-03-31,2,0.007506470206118598,reported,reported,endpoint,
886982,GOLDMAN SACHS GROUP INC,2012-06-30,2,0.007024419099025824,reported,reported,endpoint,
886982,GOLDMAN SACHS GROUP INC,2012-09-30,2,0.007135284317520152,reported,reported,endpoint,
886982,GOLDMAN SACHS GROUP INC,2012-12-31,2,0.006502088872009115,reported,reported,endpoint,
886982,GOLDMAN SACHS GROUP INC,2013-03-31,2,0.005209755687666744,reported,reported,endpoint,
886982,GOLDMAN SACHS GROUP INC,2013-06-30,2,0.005686936936936937,reported,reported,endpoint,
886982,GOLDMAN SACHS GROUP INC,2013-09-30,2,0.005561664242897173,reported,reported,endpoint,
886982,GOLDMAN SACHS GROUP INC,2013-12-31,2,0.005337940819092972,reported,reported,endpoint,
886982,GOLDMAN SACHS GROUP INC,2014-03-31,2,0.0047798459202609235,reported,reported,endpoint,
886982,GOLDMAN SACHS GROUP INC,2014-06-30,2,0.004517688541186031,reported,reported,endpoint,
886982,GOLDMAN SACHS GROUP INC,2014-09-30,2,0.004587972393062669,reported,reported,endpoint,
886982,GOLDMAN SACHS GROUP INC,2014-12-31,2,0.003929590688362318,reported,reported,endpoint,
886982,GOLDMAN SACHS GROUP INC,2015-03-31,2,0.004024835603222236,reported,reported,endpoint,
886982,GOLDMAN SACHS GROUP INC,2015-06-30,2,0.004476546664002055,reported,reported,endpoint,
886982,GOLDMAN SACHS GROUP INC,2015-09-30,2,0.004697488394766289,reported,reported,endpoint,
886982,GOLDMAN SACHS GROUP INC,2015-12-31,2,0.005037650084401805,reported,reported,endpoint,
886982,GOLDMAN SACHS GROUP INC,2016-03-31,2,0.0066803369814956645,reported,reported,endpoint,
886982,GOLDMAN SACHS GROUP INC,2016-06-30,2,0.007874911407246669,reported,reported,endpoint,
886982,GOLDMAN SACHS GROUP INC,2016-09-30,2,0.0075083179595420895,reported,reported,endpoint,
886982,GOLDMAN SACHS GROUP INC,2016-12-31,2,0.008075673240886715,reported,reported,endpoint,
886982,GOLDMAN SACHS GROUP INC,2017-03-31,2,0.008697480825467112,reported,reported,endpoint,
886982,GOLDMAN SACHS GROUP INC,2017-06-30,2,0.009941887301606089,reported,reported,endpoint,
886982,GOLDMAN SACHS GROUP INC,2017-09-30,2,0.011800003871392347,reported,reported,endpoint,
886982,GOLDMAN SACHS GROUP INC,2017-12-31,2,0.012087041438652737,reported,reported,endpoint,
886982,GOLDMAN SACHS GROUP INC,2018-03-31,2,0.01384245572348244,reported,reported,endpoint,
886982,GOLDMAN SACHS GROUP INC,2018-06-30,2,0.016558195156727917,reported,reported,endpoint,
886982,GOLDMAN SACHS GROUP INC,2018-09-30,2,0.01794339566958181,reported,reported,endpoint,
886982,GOLDMAN SACHS GROUP INC,2018-12-31,2,0.02042772980388992,reported,reported,endpoint,
886982,GOLDMAN SACHS GROUP INC,2019-03-31,2,0.0212659704149904,reported,reported,endpoint,
886982,GOLDMAN SACHS GROUP INC,2019-06-30,2,0.021470304354272125,reported,reported,endpoint,
886982,GOLDMAN SACHS GROUP INC,2019-09-30,2,0.021657609240579943,reported,reported,endpoint,
886982,GOLDMAN SACHS GROUP INC,2019-12-31,2,0.01886665897548032,reported,reported,endpoint,
886982,GOLDMAN SACHS GROUP INC,2020-03-31,2,0.015960469546087562,reported,reported,endpoint,
886982,GOLDMAN SACHS GROUP INC,2020-06-30,2,0.01079153625870211,reported,reported,endpoint,
886982,GOLDMAN SACHS GROUP INC,2020-09-30,2,0.00762593648953982,reported,reported,endpoint,
886982,GOLDMAN SACHS GROUP INC,2020-12-31,2,0.0062011220347047945,reported,reported,endpoint,
886982,GOLDMAN SACHS GROUP INC,2021-03-31,2,0.005025825121799333,reported,reported,endpoint,
886982,GOLDMAN SACHS GROUP INC,2021-06-30,2,0.004269116455012159,reported,reported,endpoint,
886982,GOLDMAN SACHS GROUP INC,2021-09-30,2,0.003992615538658907,reported,reported,endpoint,
886982,GOLDMAN SACHS GROUP INC,2021-12-31,2,0.003728854883007178,reported,reported,endpoint,
886982,GOLDMAN SACHS GROUP INC,2022-03-31,2,0.0039412277723408365,reported,reported,endpoint,
886982,GOLDMAN SACHS GROUP INC,2022-06-30,2,0.00816311843461409,reported,reported,endpoint,
886982,GOLDMAN SACHS GROUP INC,2022-09-30,2,0.018431186463102642,reported,reported,endpoint,
886982,GOLDMAN SACHS GROUP INC,2022-12-31,2,0.029157996309179188,reported,reported,endpoint,
886982,GOLDMAN SACHS GROUP INC,2023-03-31,2,0.036683477740633644,reported,reported,endpoint,
886982,GOLDMAN SACHS GROUP INC,2023-06-30,2,0.041643422384760015,reported,reported,endpoint,
886982,GOLDMAN SACHS GROUP INC,2023-09-30,2,0.04422965397254978,reported,reported,endpoint,
886982,GOLDMAN SACHS GROUP INC,2023-12-31,2,0.04860358512784181,reported,reported,endpoint,
886982,GOLDMAN SACHS GROUP INC,2024-03-31,2,0.04737889190741003,reported,reported,endpoint,
886982,GOLDMAN SACHS GROUP INC,2024-06-30,2,0.04677677229742025,reported,reported,endpoint,
886982,GOLDMAN SACHS GROUP INC,2024-09-30,2,0.04825048724066957,reported,reported,endpoint,
886982,GOLDMAN SACHS GROUP INC,2024-12-31,2,0.043063835213429213,reported,reported,endpoint,
886982,GOLDMAN SACHS GROUP INC,2025-03-31,2,0.03986962297060102,reported,reported,endpoint,
886982,GOLDMAN SACHS GROUP INC,2025-06-30,2,0.03899807634242598,reported,reported,endpoint,
886982,GOLDMAN SACHS GROUP INC,2025-09-30,2,0.039063480246593445,reported,reported,endpoint,
886982,GOLDMAN SACHS GROUP INC,2025-12-31,2,0.037496306738827694,reported,reported,endpoint,
886982,GOLDMAN SACHS GROUP INC,2026-03-31,2,0.03518634402480509,reported,reported,endpoint,
886982,GOLDMAN SACHS GROUP INC,2026-06-30,2,0.03643972845325933,reported,reported,endpoint,
895421,MORGAN STANLEY,2009-06-30,2,0.0026930845436183514,reported,reported,closing_only,
895421,MORGAN STANLEY,2009-09-30,2,0.009166887024527833,reported,reported,endpoint,
895421,MORGAN STANLEY,2010-03-31,2,0.010908427870398998,reported,reported,endpoint,
895421,MORGAN STANLEY,2010-06-30,2,0.0049802863664660715,reported,reported,endpoint,
895421,MORGAN STANLEY,2010-09-30,2,0.0019580647793097823,reported,reported,endpoint,
895421,MORGAN STANLEY,2010-12-31,1,0.007588347809726882,reported,derived_residual,closing_only,
895421,MORGAN STANLEY,2011-03-31,2,0.004147454578302842,reported,reported,endpoint,
895421,MORGAN STANLEY,2011-06-30,2,0.0037203534335761897,reported,reported,endpoint,
895421,MORGAN STANLEY,2011-09-30,2,0.003583657912519266,reported,reported,endpoint,
895421,MORGAN STANLEY,2011-12-31,1,0.003168095415579575,reported,derived_residual,closing_only,
895421,MORGAN STANLEY,2012-03-31,2,0.002725146287366676,reported,reported,endpoint,
895421,MORGAN STANLEY,2012-06-30,2,0.0026727446860638636,reported,reported,endpoint,
895421,MORGAN STANLEY,2012-09-30,2,0.0026473106057881145,reported,reported,endpoint,
895421,MORGAN STANLEY,2012-12-31,1,0.002189008743873816,reported,derived_residual,closing_only,
895421,MORGAN STANLEY,2013-03-31,2,0.0020013545753528304,reported,reported,endpoint,
895421,MORGAN STANLEY,2013-06-30,2,0.002022980565817796,reported,reported,endpoint,
895421,MORGAN STANLEY,2013-09-30,2,0.0018892127028085938,reported,reported,endpoint,
895421,MORGAN STANLEY,2013-12-31,1,0.0011745966773151568,reported,derived_residual,closing_only,
895421,MORGAN STANLEY,2014-03-31,2,0.0008033987259144118,reported,reported,endpoint,
895421,MORGAN STANLEY,2014-06-30,2,0.0005803459032273206,reported,reported,endpoint,
895421,MORGAN STANLEY,2014-09-30,2,0.00039656803413789827,reported,reported,endpoint,
895421,MORGAN STANLEY,2014-12-31,1,0.0018570658359791528,reported,derived_residual,closing_only,
895421,MORGAN STANLEY,2015-03-31,1,0.0005346025193143722,reported,derived_residual,endpoint,
895421,MORGAN STANLEY,2015-06-30,2,0.0004945130864161619,reported,reported,endpoint,
895421,MORGAN STANLEY,2015-09-30,2,0.0004748122571387674,reported,reported,endpoint,
895421,MORGAN STANLEY,2015-12-31,2,0.000712260106839016,reported,reported,endpoint,
895421,MORGAN STANLEY,2016-03-31,2,0.0005611797528895974,reported,reported,endpoint,
895421,MORGAN STANLEY,2016-06-30,2,0.000386742468190432,reported,reported,endpoint,
895421,MORGAN STANLEY,2016-09-30,2,0.00031523366695563086,reported,reported,endpoint,
895421,MORGAN STANLEY,2016-12-31,2,0.0009099595068019473,reported,reported,endpoint,
895421,MORGAN STANLEY,2017-03-31,2,0.0002857402621017495,reported,reported,endpoint,
895421,MORGAN STANLEY,2017-06-30,2,0.00037707644551582037,reported,reported,endpoint,
895421,MORGAN STANLEY,2017-09-30,2,0.0016825125520777695,reported,reported,endpoint,
895421,MORGAN STANLEY,2017-12-31,2,0.002521690678977951,reported,reported,endpoint,
895421,MORGAN STANLEY,2018-03-31,2,0.0039767398236728565,reported,reported,endpoint,
895421,MORGAN STANLEY,2018-06-30,2,0.006554110423556385,reported,reported,endpoint,
895421,MORGAN STANLEY,2018-09-30,2,0.00866699043355068,reported,reported,endpoint,
895421,MORGAN STANLEY,2018-12-31,2,0.009829065715348273,reported,reported,endpoint,
895421,MORGAN STANLEY,2019-03-31,2,0.010055747365671703,reported,reported,endpoint,
895421,MORGAN STANLEY,2019-06-30,2,0.011068578035720299,reported,reported,endpoint,
895421,MORGAN STANLEY,2019-09-30,2,0.011306043976033426,reported,reported,endpoint,
895421,MORGAN STANLEY,2019-12-31,2,0.009162099090796402,reported,reported,endpoint,
895421,MORGAN STANLEY,2020-03-31,2,0.00763166860512929,reported,reported,endpoint,
895421,MORGAN STANLEY,2020-06-30,2,0.0037281184863838944,reported,reported,endpoint,
895421,MORGAN STANLEY,2020-09-30,2,0.0029909557195726966,reported,reported,endpoint,
895421,MORGAN STANLEY,2020-12-31,2,0.002167134818693356,reported,reported,endpoint,
895421,MORGAN STANLEY,2021-03-31,2,0.001514386673397274,reported,reported,endpoint,
895421,MORGAN STANLEY,2021-06-30,2,0.0013426656886756094,reported,reported,endpoint,
895421,MORGAN STANLEY,2021-09-30,2,0.00125654643755226,reported,reported,endpoint,
895421,MORGAN STANLEY,2021-12-31,2,0.0009340614677475373,reported,reported,endpoint,
895421,MORGAN STANLEY,2022-03-31,2,0.0008243767062762735,reported,reported,endpoint,
895421,MORGAN STANLEY,2022-06-30,2,0.0015254495838912523,reported,reported,endpoint,
895421,MORGAN STANLEY,2022-09-30,2,0.005556925654230225,reported,reported,endpoint,
895421,MORGAN STANLEY,2022-12-31,2,0.013138179740316565,reported,reported,endpoint,
895421,MORGAN STANLEY,2023-03-31,2,0.01789343183241523,reported,reported,endpoint,
895421,MORGAN STANLEY,2023-06-30,2,0.022366723464658334,reported,reported,endpoint,
895421,MORGAN STANLEY,2023-09-30,2,0.026179843768237485,reported,reported,endpoint,
895421,MORGAN STANLEY,2023-12-31,2,0.02780016693868302,reported,reported,endpoint,
895421,MORGAN STANLEY,2024-03-31,2,0.028124458680842485,reported,reported,endpoint,
895421,MORGAN STANLEY,2024-06-30,2,0.029096757268486307,reported,reported,endpoint,
895421,MORGAN STANLEY,2024-09-30,2,0.030883566372724568,reported,reported,endpoint,
895421,MORGAN STANLEY,2024-12-31,2,0.028021072581986106,reported,reported,endpoint,
895421,MORGAN STANLEY,2025-03-31,2,0.026632522407170293,reported,reported,endpoint,
895421,MORGAN STANLEY,2025-06-30,2,0.02701118115547254,reported,reported,endpoint,
895421,MORGAN STANLEY,2025-09-30,2,0.028412657874309466,reported,reported,endpoint,
895421,MORGAN STANLEY,2025-12-31,2,0.026094910737232385,reported,reported,endpoint,
895421,MORGAN STANLEY,2026-03-31,2,0.02425150623478057,reported,reported,endpoint,
895421,MORGAN STANLEY,2026-06-30,2,0.02470370315283414,reported,reported,endpoint,
36104,US BANCORP \DE\,2008-12-31,1,0.012867647058823529,reported,derived_residual,closing_only,
36104,US BANCORP \DE\,2009-06-30,1,0.00979726830942519,reported,derived_residual,closing_only,
36104,US BANCORP \DE\,2009-09-30,1,0.009070776324970421,reported,derived_residual,endpoint,
36104,US BANCORP \DE\,2009-12-31,1,0.007556289006668782,reported,derived_residual,endpoint,
36104,US BANCORP \DE\,2010-03-31,1,0.006506261587555396,reported,derived_residual,endpoint,
36104,US BANCORP \DE\,2010-06-30,1,0.006392719557813634,reported,derived_residual,endpoint,
36104,US BANCORP \DE\,2010-09-30,1,0.006414305845765101,reported,derived_residual,endpoint,
36104,US BANCORP \DE\,2010-12-31,1,0.00672373631071197,reported,reported,endpoint,
36104,US BANCORP \DE\,2011-03-31,1,0.006441068694410515,reported,derived_residual,endpoint,
36104,US BANCORP \DE\,2011-06-30,1,0.005269315334021272,reported,derived_residual,endpoint,
36104,US BANCORP \DE\,2011-09-30,1,0.005612962609194005,reported,reported,endpoint,
36104,US BANCORP \DE\,2011-12-31,1,0.005854637499104074,reported,reported,endpoint,
36104,US BANCORP \DE\,2012-03-31,1,0.005253400379492873,reported,reported,endpoint,
36104,US BANCORP \DE\,2012-06-30,1,0.005152650922455515,reported,reported,endpoint,
36104,US BANCORP \DE\,2012-09-30,1,0.005086518876677794,reported,reported,endpoint,
36104,US BANCORP \DE\,2012-12-31,1,0.004558404558404558,reported,reported,endpoint,
36104,US BANCORP \DE\,2013-03-31,1,0.0042051289007657405,reported,reported,endpoint,
36104,US BANCORP \DE\,2013-06-30,1,0.00388403197583269,reported,reported,endpoint,
36104,US BANCORP \DE\,2013-09-30,1,0.003566746741018253,reported,reported,endpoint,
36104,US BANCORP \DE\,2013-12-31,1,0.0033136370402490406,reported,reported,endpoint,
36104,US BANCORP \DE\,2014-03-31,1,0.0030310459337181575,reported,reported,endpoint,
36104,US BANCORP \DE\,2014-06-30,1,0.002810919435720252,reported,reported,endpoint,
36104,US BANCORP \DE\,2014-09-30,1,0.002774418653743505,reported,reported,endpoint,
36104,US BANCORP \DE\,2014-12-31,1,0.0025264521701576334,reported,reported,endpoint,
36104,US BANCORP \DE\,2015-03-31,1,0.002450274228254465,reported,reported,endpoint,
36104,US BANCORP \DE\,2015-06-30,1,0.0024669661228789276,reported,reported,endpoint,
36104,US BANCORP \DE\,2015-09-30,1,0.0024271714324070343,reported,reported,endpoint,
36104,US BANCORP \DE\,2015-12-31,1,0.002245990633424018,reported,reported,endpoint,
36104,US BANCORP \DE\,2016-03-31,1,0.002512568491216178,reported,reported,endpoint,
36104,US BANCORP \DE\,2016-06-30,1,0.0026610702491908465,reported,reported,endpoint,
36104,US BANCORP \DE\,2016-09-30,1,0.0027029749513128734,reported,reported,endpoint,
36104,US BANCORP \DE\,2016-12-31,1,0.0027531088874808447,reported,reported,endpoint,
36104,US BANCORP \DE\,2017-03-31,1,0.003183083272017659,reported,reported,endpoint,
36104,US BANCORP \DE\,2017-06-30,1,0.003763708676297333,reported,reported,endpoint,
36104,US BANCORP \DE\,2017-09-30,1,0.004554374647832592,reported,reported,endpoint,
36104,US BANCORP \DE\,2017-12-31,1,0.004783741431853796,reported,reported,endpoint,
36104,US BANCORP \DE\,2018-03-31,1,0.005287629819933215,reported,reported,endpoint,
36104,US BANCORP \DE\,2018-06-30,1,0.006566957591602906,reported,reported,endpoint,
36104,US BANCORP \DE\,2018-09-30,1,0.007673418676022716,reported,reported,endpoint,
36104,US BANCORP \DE\,2018-12-31,1,0.009364569168005933,reported,reported,endpoint,
36104,US BANCORP \DE\,2019-03-31,1,0.010350656410332785,reported,reported,endpoint,
36104,US BANCORP \DE\,2019-06-30,1,0.011073428675747992,reported,reported,endpoint,
36104,US BANCORP \DE\,2019-09-30,1,0.010734188172915653,reported,reported,endpoint,
36104,US BANCORP \DE\,2019-12-31,1,0.009279738351108265,reported,reported,endpoint,
36104,US BANCORP \DE\,2020-03-31,1,0.007121685872609996,reported,reported,endpoint,
36104,US BANCORP \DE\,2020-06-30,1,0.002556815841714648,reported,reported,endpoint,
36104,US BANCORP \DE\,2020-09-30,1,0.0017269522447888386,reported,reported,endpoint,
36104,US BANCORP \DE\,2020-12-31,1,0.001323906507295413,reported,reported,endpoint,
36104,US BANCORP \DE\,2021-03-31,1,0.0010991000310334126,reported,reported,endpoint,
36104,US BANCORP \DE\,2021-06-30,1,0.0010770943409857384,reported,reported,endpoint,
36104,US BANCORP \DE\,2021-09-30,1,0.001023971433822564,reported,reported,endpoint,
36104,US BANCORP \DE\,2021-12-31,1,0.0009546007779996341,reported,reported,endpoint,
36104,US BANCORP \DE\,2022-03-31,1,0.0009801894522425663,reported,reported,endpoint,
36104,US BANCORP \DE\,2022-06-30,1,0.00211430064578745,reported,reported,endpoint,
36104,US BANCORP \DE\,2022-09-30,1,0.00615638249120208,reported,reported,endpoint,
36104,US BANCORP \DE\,2022-12-31,1,0.011636559356813672,reported,reported,endpoint,
36104,US BANCORP \DE\,2023-03-31,1,0.015677552843379423,reported,reported,endpoint,
36104,US BANCORP \DE\,2023-06-30,1,0.019454491639785892,reported,reported,endpoint,
36104,US BANCORP \DE\,2023-09-30,1,0.024660794593742083,reported,reported,endpoint,
36104,US BANCORP \DE\,2023-12-31,1,0.02611683033197852,reported,reported,endpoint,
36104,US BANCORP \DE\,2024-03-31,1,0.026853949062230115,reported,reported,endpoint,
36104,US BANCORP \DE\,2024-06-30,1,0.02772030686416317,reported,reported,endpoint,
36104,US BANCORP \DE\,2024-09-30,1,0.02758107794822121,reported,reported,endpoint,
36104,US BANCORP \DE\,2024-12-31,1,0.025535325248375255,reported,reported,endpoint,
36104,US BANCORP \DE\,2025-03-31,1,0.023288004729941223,reported,reported,endpoint,
36104,US BANCORP \DE\,2025-06-30,1,0.02363215312072766,reported,reported,endpoint,
36104,US BANCORP \DE\,2025-09-30,1,0.024452180658029603,reported,reported,endpoint,
36104,US BANCORP \DE\,2025-12-31,1,0.022468227876965598,reported,reported,endpoint,
36104,US BANCORP \DE\,2026-03-31,1,0.020740586030525168,reported,reported,endpoint,
36104,US BANCORP \DE\,2026-06-30,1,0.020963771139500174,reported,reported,endpoint,
316709,SCHWAB CHARLES CORP,2021-03-31,1,0.00014326746244395006,reported,reported,endpoint,
316709,SCHWAB CHARLES CORP,2021-06-30,1,0.0001411741070398369,reported,reported,endpoint,
316709,SCHWAB CHARLES CORP,2021-09-30,1,0.00014695559185708568,reported,reported,endpoint,
316709,SCHWAB CHARLES CORP,2021-12-31,1,0.0001338686485601351,reported,reported,endpoint,
316709,SCHWAB CHARLES CORP,2022-03-31,1,0.00014112380857878403,reported,reported,endpoint,
316709,SCHWAB CHARLES CORP,2022-06-30,1,0.00024734927705548354,reported,reported,endpoint,
316709,SCHWAB CHARLES CORP,2022-09-30,1,0.002307017617334222,reported,reported,endpoint,
316709,SCHWAB CHARLES CORP,2022-12-31,1,0.004607949501923267,reported,reported,endpoint,
316709,SCHWAB CHARLES CORP,2023-03-31,1,0.007162570354434231,reported,reported,endpoint,
316709,SCHWAB CHARLES CORP,2023-06-30,1,0.010993945686341329,reported,reported,endpoint,
316709,SCHWAB CHARLES CORP,2023-09-30,1,0.012426003219030472,reported,reported,endpoint,
316709,SCHWAB CHARLES CORP,2023-12-31,1,0.013583031701900715,reported,reported,endpoint,
316709,SCHWAB CHARLES CORP,2024-03-31,1,0.013235991549660119,reported,reported,endpoint,
316709,SCHWAB CHARLES CORP,2024-06-30,1,0.012945308000084761,reported,reported,endpoint,
316709,SCHWAB CHARLES CORP,2024-09-30,1,0.013552029682328983,reported,reported,endpoint,
316709,SCHWAB CHARLES CORP,2024-12-31,1,0.008744472598996373,reported,reported,endpoint,
316709,SCHWAB CHARLES CORP,2025-03-31,1,0.006939139292080469,reported,reported,endpoint,
316709,SCHWAB CHARLES CORP,2025-06-30,1,0.005472782977294666,reported,reported,endpoint,
316709,SCHWAB CHARLES CORP,2025-09-30,1,0.0042248542382698545,reported,reported,endpoint,
316709,SCHWAB CHARLES CORP,2025-12-31,1,0.0028434825349240586,reported,reported,endpoint,
316709,SCHWAB CHARLES CORP,2026-03-31,1,0.001865229280938305,reported,reported,endpoint,
316709,SCHWAB CHARLES CORP,2026-06-30,1,0.0018248503802772093,reported,reported,endpoint,
713676,"PNC FINANCIAL SERVICES GROUP, INC.",2008-12-31,1,0.008553979334305182,reported,reported,closing_only,
713676,"PNC FINANCIAL SERVICES GROUP, INC.",2009-06-30,1,0.012756251976344418,reported,reported,closing_only,
713676,"PNC FINANCIAL SERVICES GROUP, INC.",2009-09-30,1,0.010697367466320223,reported,reported,endpoint,
713676,"PNC FINANCIAL SERVICES GROUP, INC.",2009-12-31,1,0.009430965473913075,reported,reported,endpoint,
713676,"PNC FINANCIAL SERVICES GROUP, INC.",2010-03-31,1,0.00797335593869596,reported,reported,endpoint,
713676,"PNC FINANCIAL SERVICES GROUP, INC.",2010-06-30,1,0.007127000817852553,reported,reported,endpoint,
713676,"PNC FINANCIAL SERVICES GROUP, INC.",2010-09-30,1,0.006965490181424114,reported,reported,endpoint,
713676,"PNC FINANCIAL SERVICES GROUP, INC.",2011-03-31,1,0.00546025936231971,reported,reported,endpoint,
713676,"PNC FINANCIAL SERVICES GROUP, INC.",2011-06-30,1,0.005485902373795673,reported,reported,endpoint,
713676,"PNC FINANCIAL SERVICES GROUP, INC.",2011-09-30,1,0.005103911980440098,reported,reported,endpoint,
713676,"PNC FINANCIAL SERVICES GROUP, INC.",2011-12-31,1,0.0042528779592305044,reported,reported,endpoint,
713676,"PNC FINANCIAL SERVICES GROUP, INC.",2012-03-31,1,0.0030229435546000835,reported,reported,endpoint,
713676,"PNC FINANCIAL SERVICES GROUP, INC.",2012-06-30,1,0.002320777600301981,reported,reported,endpoint,
713676,"PNC FINANCIAL SERVICES GROUP, INC.",2012-09-30,1,0.002899101419293098,reported,reported,endpoint,
713676,"PNC FINANCIAL SERVICES GROUP, INC.",2012-12-31,1,0.002723370803078532,reported,reported,endpoint,
713676,"PNC FINANCIAL SERVICES GROUP, INC.",2013-03-31,1,0.0025643676972391684,reported,reported,endpoint,
713676,"PNC FINANCIAL SERVICES GROUP, INC.",2013-06-30,1,0.0023518231757133235,reported,reported,endpoint,
713676,"PNC FINANCIAL SERVICES GROUP, INC.",2013-09-30,1,0.0022943140615504375,reported,reported,endpoint,
713676,"PNC FINANCIAL SERVICES GROUP, INC.",2013-12-31,1,0.0021748469552142625,reported,reported,endpoint,
713676,"PNC FINANCIAL SERVICES GROUP, INC.",2014-03-31,1,0.0020597866272314357,reported,reported,endpoint,
713676,"PNC FINANCIAL SERVICES GROUP, INC.",2014-06-30,1,0.0021061499578770007,reported,reported,endpoint,
713676,"PNC FINANCIAL SERVICES GROUP, INC.",2014-09-30,1,0.0021253288027970377,reported,reported,endpoint,
713676,"PNC FINANCIAL SERVICES GROUP, INC.",2014-12-31,1,0.0022044499128473292,reported,reported,endpoint,
713676,"PNC FINANCIAL SERVICES GROUP, INC.",2015-03-31,1,0.0022977453373876884,reported,reported,endpoint,
713676,"PNC FINANCIAL SERVICES GROUP, INC.",2015-06-30,1,0.0024205449931150314,reported,reported,endpoint,
713676,"PNC FINANCIAL SERVICES GROUP, INC.",2015-09-30,1,0.002601230722479678,reported,reported,endpoint,
713676,"PNC FINANCIAL SERVICES GROUP, INC.",2015-12-31,1,0.0025215056481131823,reported,reported,endpoint,
713676,"PNC FINANCIAL SERVICES GROUP, INC.",2016-03-31,1,0.002457757296466974,reported,reported,endpoint,
713676,"PNC FINANCIAL SERVICES GROUP, INC.",2016-06-30,1,0.00241776124607695,reported,reported,endpoint,
713676,"PNC FINANCIAL SERVICES GROUP, INC.",2016-09-30,1,0.0024481764517457556,reported,reported,endpoint,
713676,"PNC FINANCIAL SERVICES GROUP, INC.",2016-12-31,1,0.0025714044040939465,reported,reported,endpoint,
713676,"PNC FINANCIAL SERVICES GROUP, INC.",2017-03-31,1,0.0026785863760400448,reported,reported,endpoint,
713676,"PNC FINANCIAL SERVICES GROUP, INC.",2017-06-30,1,0.003168185216981916,reported,reported,endpoint,
713676,"PNC FINANCIAL SERVICES GROUP, INC.",2017-09-30,1,0.003773647729984406,reported,reported,endpoint,
713676,"PNC FINANCIAL SERVICES GROUP, INC.",2017-12-31,1,0.004153493443218739,reported,reported,endpoint,
713676,"PNC FINANCIAL SERVICES GROUP, INC.",2018-03-31,1,0.0045856992922306845,reported,reported,endpoint,
713676,"PNC FINANCIAL SERVICES GROUP, INC.",2018-06-30,1,0.005609299401728459,reported,reported,endpoint,
713676,"PNC FINANCIAL SERVICES GROUP, INC.",2018-09-30,1,0.007149202363917805,reported,reported,endpoint,
713676,"PNC FINANCIAL SERVICES GROUP, INC.",2018-12-31,1,0.008728552940288053,reported,reported,endpoint,
713676,"PNC FINANCIAL SERVICES GROUP, INC.",2019-03-31,1,0.009596080245187983,reported,reported,endpoint,
713676,"PNC FINANCIAL SERVICES GROUP, INC.",2019-06-30,1,0.010223122121645228,reported,reported,endpoint,
713676,"PNC FINANCIAL SERVICES GROUP, INC.",2019-09-30,1,0.010238636391025286,reported,reported,endpoint,
713676,"PNC FINANCIAL SERVICES GROUP, INC.",2019-12-31,1,0.008762670648564013,reported,reported,endpoint,
713676,"PNC FINANCIAL SERVICES GROUP, INC.",2020-03-31,1,0.00682825349208264,reported,reported,endpoint,
713676,"PNC FINANCIAL SERVICES GROUP, INC.",2020-06-30,1,0.002399341457344686,reported,reported,endpoint,
713676,"PNC FINANCIAL SERVICES GROUP, INC.",2020-09-30,1,0.0011975636053947003,reported,reported,endpoint,
713676,"PNC FINANCIAL SERVICES GROUP, INC.",2020-12-31,1,0.0008471426915961048,reported,reported,endpoint,
713676,"PNC FINANCIAL SERVICES GROUP, INC.",2021-03-31,1,0.0006309969357211309,reported,reported,endpoint,
713676,"PNC FINANCIAL SERVICES GROUP, INC.",2021-06-30,1,0.00043390301182928085,reported,reported,endpoint,
713676,"PNC FINANCIAL SERVICES GROUP, INC.",2021-09-30,1,0.0003923624617362039,reported,reported,endpoint,
713676,"PNC FINANCIAL SERVICES GROUP, INC.",2021-12-31,1,0.00036320834033966705,reported,reported,endpoint,
713676,"PNC FINANCIAL SERVICES GROUP, INC.",2022-03-31,1,0.0003591010503705723,reported,reported,endpoint,
713676,"PNC FINANCIAL SERVICES GROUP, INC.",2022-06-30,1,0.0011856402794338569,reported,reported,endpoint,
713676,"PNC FINANCIAL SERVICES GROUP, INC.",2022-09-30,1,0.0045780147573652175,reported,reported,endpoint,
713676,"PNC FINANCIAL SERVICES GROUP, INC.",2022-12-31,1,0.010621894248708645,reported,reported,endpoint,
713676,"PNC FINANCIAL SERVICES GROUP, INC.",2023-03-31,1,0.016377663074934785,reported,reported,endpoint,
713676,"PNC FINANCIAL SERVICES GROUP, INC.",2023-06-30,1,0.01926449516421535,reported,reported,endpoint,
713676,"PNC FINANCIAL SERVICES GROUP, INC.",2023-09-30,1,0.02257996941245773,reported,reported,endpoint,
713676,"PNC FINANCIAL SERVICES GROUP, INC.",2023-12-31,1,0.025012929615872866,reported,reported,endpoint,
713676,"PNC FINANCIAL SERVICES GROUP, INC.",2024-03-31,1,0.025654010523455447,reported,reported,endpoint,
713676,"PNC FINANCIAL SERVICES GROUP, INC.",2024-06-30,1,0.025672454466502004,reported,reported,endpoint,
713676,"PNC FINANCIAL SERVICES GROUP, INC.",2024-09-30,1,0.02739444156952952,reported,reported,endpoint,
713676,"PNC FINANCIAL SERVICES GROUP, INC.",2024-12-31,1,0.024236029993594334,reported,reported,endpoint,
713676,"PNC FINANCIAL SERVICES GROUP, INC.",2025-03-31,1,0.02176205872927271,reported,reported,endpoint,
713676,"PNC FINANCIAL SERVICES GROUP, INC.",2025-06-30,1,0.0222292839188601,reported,reported,endpoint,
713676,"PNC FINANCIAL SERVICES GROUP, INC.",2025-09-30,1,0.023467188159736883,reported,reported,endpoint,
713676,"PNC FINANCIAL SERVICES GROUP, INC.",2025-12-31,1,0.02159094199750963,reported,reported,endpoint,
713676,"PNC FINANCIAL SERVICES GROUP, INC.",2026-03-31,1,0.019619234199661044,reported,reported,endpoint,
713676,"PNC FINANCIAL SERVICES GROUP, INC.",2026-06-30,1,0.018984546838471925,reported,reported,endpoint,
92230,TRUIST FINANCIAL CORP,2008-12-31,1,0.01991431665175839,reported,derived_residual,closing_only,
92230,TRUIST FINANCIAL CORP,2009-06-30,1,0.014864707931715248,reported,derived_residual,closing_only,
92230,TRUIST FINANCIAL CORP,2009-09-30,1,0.013674311750125036,reported,derived_residual,endpoint,
92230,TRUIST FINANCIAL CORP,2009-12-31,1,0.012259130498235665,reported,reported,endpoint,
92230,TRUIST FINANCIAL CORP,2010-03-31,1,0.010864036996450312,reported,derived_residual,endpoint,
92230,TRUIST FINANCIAL CORP,2010-06-30,1,0.01074783287342866,reported,derived_residual,endpoint,
92230,TRUIST FINANCIAL CORP,2010-09-30,1,0.010557432432432432,reported,derived_residual,endpoint,
92230,TRUIST FINANCIAL CORP,2010-12-31,1,0.008910132955890201,reported,reported,endpoint,
92230,TRUIST FINANCIAL CORP,2011-03-31,1,0.007970866715222142,reported,reported,endpoint,
92230,TRUIST FINANCIAL CORP,2011-06-30,1,0.007127533615464872,reported,reported,endpoint,
92230,TRUIST FINANCIAL CORP,2011-09-30,1,0.006720166660133172,reported,reported,endpoint,
92230,TRUIST FINANCIAL CORP,2011-12-31,1,0.005700465503341742,reported,reported,endpoint,
92230,TRUIST FINANCIAL CORP,2012-03-31,1,0.004938725115049846,reported,reported,endpoint,
92230,TRUIST FINANCIAL CORP,2012-06-30,1,0.004409143822562867,reported,reported,endpoint,
92230,TRUIST FINANCIAL CORP,2012-09-30,1,0.004272569594563663,reported,reported,endpoint,
92230,TRUIST FINANCIAL CORP,2013-03-31,1,0.003461826818088045,reported,reported,endpoint,
92230,TRUIST FINANCIAL CORP,2013-06-30,1,0.0031928774272776115,reported,reported,endpoint,
92230,TRUIST FINANCIAL CORP,2013-09-30,1,0.0030265294219644066,reported,reported,endpoint,
92230,TRUIST FINANCIAL CORP,2013-12-31,1,0.002803219389652886,reported,reported,endpoint,
92230,TRUIST FINANCIAL CORP,2014-03-31,1,0.002613567683235597,reported,derived_residual,endpoint,
92230,TRUIST FINANCIAL CORP,2014-06-30,1,0.002589806951473492,reported,derived_residual,endpoint,
92230,TRUIST FINANCIAL CORP,2014-09-30,1,0.002616523776587474,reported,derived_residual,endpoint,
92230,TRUIST FINANCIAL CORP,2014-12-31,1,0.0025414491737551555,reported,reported,endpoint,
92230,TRUIST FINANCIAL CORP,2015-03-31,1,0.0024435077664672986,reported,reported,endpoint,
92230,TRUIST FINANCIAL CORP,2015-06-30,1,0.0024395112106628818,reported,reported,endpoint,
92230,TRUIST FINANCIAL CORP,2015-09-30,1,0.0025196720295751667,reported,reported,endpoint,
92230,TRUIST FINANCIAL CORP,2015-12-31,1,0.0024012858498421736,reported,reported,endpoint,
92230,TRUIST FINANCIAL CORP,2016-03-31,1,0.0024773674100381764,reported,reported,endpoint,
92230,TRUIST FINANCIAL CORP,2016-06-30,1,0.0024003750586029065,reported,reported,endpoint,
92230,TRUIST FINANCIAL CORP,2016-09-30,1,0.0022651194439497107,reported,reported,endpoint,
92230,TRUIST FINANCIAL CORP,2016-12-31,1,0.0022339003533957116,reported,reported,endpoint,
92230,TRUIST FINANCIAL CORP,2017-03-31,1,0.0025366714459027244,reported,reported,endpoint,
92230,TRUIST FINANCIAL CORP,2017-06-30,1,0.003023203083667145,reported,reported,endpoint,
92230,TRUIST FINANCIAL CORP,2017-09-30,1,0.003538945413711469,reported,reported,endpoint,
92230,TRUIST FINANCIAL CORP,2017-12-31,1,0.0040449219699547866,reported,reported,endpoint,
92230,TRUIST FINANCIAL CORP,2018-03-31,1,0.004566673923034129,reported,derived_residual,endpoint,
92230,TRUIST FINANCIAL CORP,2018-06-30,1,0.005683672881583748,reported,derived_residual,endpoint,
92230,TRUIST FINANCIAL CORP,2018-09-30,1,0.006675884821580186,reported,derived_residual,endpoint,
92230,TRUIST FINANCIAL CORP,2018-12-31,1,0.007881999579116528,reported,reported,endpoint,
92230,TRUIST FINANCIAL CORP,2019-03-31,1,0.009417501477300751,reported,derived_residual,endpoint,
92230,TRUIST FINANCIAL CORP,2019-06-30,1,0.010214772132006287,reported,derived_residual,endpoint,
92230,TRUIST FINANCIAL CORP,2019-09-30,1,0.010005722830401152,reported,derived_residual,endpoint,
92230,TRUIST FINANCIAL CORP,2019-12-31,1,0.006910366971173654,reported,reported,endpoint,
92230,TRUIST FINANCIAL CORP,2020-03-31,1,0.006805649011988693,reported,reported,endpoint,
92230,TRUIST FINANCIAL CORP,2020-06-30,1,0.003177225144338493,reported,reported,endpoint,
92230,TRUIST FINANCIAL CORP,2020-09-30,1,0.001536027648497673,reported,reported,endpoint,
92230,TRUIST FINANCIAL CORP,2020-12-31,1,0.0010722187326214548,reported,reported,endpoint,
92230,TRUIST FINANCIAL CORP,2021-03-31,1,0.0007337229610404816,reported,reported,endpoint,
92230,TRUIST FINANCIAL CORP,2021-06-30,1,0.0005552738483369741,reported,reported,endpoint,
92230,TRUIST FINANCIAL CORP,2021-09-30,1,0.0005058265857855065,reported,reported,endpoint,
92230,TRUIST FINANCIAL CORP,2021-12-31,1,0.00048042818161686605,reported,reported,endpoint,
92230,TRUIST FINANCIAL CORP,2022-03-31,1,0.0004667461593719347,reported,reported,endpoint,
92230,TRUIST FINANCIAL CORP,2022-06-30,1,0.0014273124895249321,reported,reported,endpoint,
92230,TRUIST FINANCIAL CORP,2022-09-30,1,0.004830591802223021,reported,reported,endpoint,
92230,TRUIST FINANCIAL CORP,2022-12-31,1,0.009954109804907463,reported,reported,endpoint,
92230,TRUIST FINANCIAL CORP,2023-03-31,1,0.016244578371968355,reported,reported,endpoint,
92230,TRUIST FINANCIAL CORP,2023-06-30,1,0.021795214901247122,reported,reported,endpoint,
92230,TRUIST FINANCIAL CORP,2023-09-30,1,0.026189209284624412,reported,reported,endpoint,
92230,TRUIST FINANCIAL CORP,2023-12-31,1,0.02701945591103453,reported,reported,endpoint,
92230,TRUIST FINANCIAL CORP,2024-03-31,1,0.027681221976550593,reported,reported,endpoint,
92230,TRUIST FINANCIAL CORP,2024-06-30,1,0.02872485373086479,reported,reported,endpoint,
92230,TRUIST FINANCIAL CORP,2024-09-30,1,0.02877682422597094,reported,reported,endpoint,
92230,TRUIST FINANCIAL CORP,2024-12-31,1,0.02627167103052577,reported,reported,endpoint,
92230,TRUIST FINANCIAL CORP,2025-03-31,1,0.02401322387213235,reported,reported,endpoint,
92230,TRUIST FINANCIAL CORP,2025-06-30,1,0.024795152574564463,reported,reported,endpoint,
92230,TRUIST FINANCIAL CORP,2025-09-30,1,0.024949438297727698,reported,reported,endpoint,
92230,TRUIST FINANCIAL CORP,2025-12-31,1,0.02236925015752993,reported,reported,endpoint,
92230,TRUIST FINANCIAL CORP,2026-03-31,1,0.02054124496781591,reported,reported,endpoint,
92230,TRUIST FINANCIAL CORP,2026-06-30,1,0.02087271124923177,reported,reported,endpoint,
927628,CAPITAL ONE FINANCIAL CORP,2008-12-31,1,0.028140862996643982,reported,reported,closing_only,
927628,CAPITAL ONE FINANCIAL CORP,2009-06-30,1,0.021513505458408525,reported,reported,closing_only,
927628,CAPITAL ONE FINANCIAL CORP,2009-09-30,1,0.018611955702535175,reported,reported,endpoint,
927628,CAPITAL ONE FINANCIAL CORP,2009-12-31,1,0.01673373534075063,reported,reported,endpoint,
927628,CAPITAL ONE FINANCIAL CORP,2010-03-31,1,0.01545588845758229,reported,reported,endpoint,
927628,CAPITAL ONE FINANCIAL CORP,2010-06-30,1,0.014209490175800305,reported,reported,endpoint,
927628,CAPITAL ONE FINANCIAL CORP,2010-09-30,1,0.013774992424716108,reported,reported,endpoint,
927628,CAPITAL ONE FINANCIAL CORP,2010-12-31,1,0.012836061782985611,reported,reported,endpoint,
927628,CAPITAL ONE FINANCIAL CORP,2011-03-31,1,0.011911642983644612,reported,reported,endpoint,
927628,CAPITAL ONE FINANCIAL CORP,2011-06-30,1,0.011246708643388666,reported,reported,endpoint,
927628,CAPITAL ONE FINANCIAL CORP,2011-09-30,1,0.010688237031651178,reported,reported,endpoint,
927628,CAPITAL ONE FINANCIAL CORP,2011-12-31,1,0.009568597602413896,reported,reported,endpoint,
927628,CAPITAL ONE FINANCIAL CORP,2012-03-31,1,0.008098984697215811,reported,reported,endpoint,
927628,CAPITAL ONE FINANCIAL CORP,2012-06-30,1,0.007629508607486839,reported,reported,endpoint,
927628,CAPITAL ONE FINANCIAL CORP,2012-09-30,1,0.007682213140001087,reported,reported,endpoint,
927628,CAPITAL ONE FINANCIAL CORP,2012-12-31,1,0.007278317202867406,reported,reported,endpoint,
927628,CAPITAL ONE FINANCIAL CORP,2013-03-31,1,0.00684315068313431,reported,reported,endpoint,
927628,CAPITAL ONE FINANCIAL CORP,2013-06-30,1,0.006714863762699248,reported,reported,endpoint,
927628,CAPITAL ONE FINANCIAL CORP,2013-09-30,1,0.006639432102943428,reported,reported,endpoint,
927628,CAPITAL ONE FINANCIAL CORP,2013-12-31,1,0.006287643307234883,reported,reported,endpoint,
927628,CAPITAL ONE FINANCIAL CORP,2014-03-31,1,0.0060312378787961566,reported,reported,endpoint,
927628,CAPITAL ONE FINANCIAL CORP,2014-06-30,1,0.005958640028040659,reported,reported,endpoint,
927628,CAPITAL ONE FINANCIAL CORP,2014-09-30,1,0.006024799497562846,reported,reported,endpoint,
927628,CAPITAL ONE FINANCIAL CORP,2014-12-31,1,0.0059887071683600345,reported,reported,endpoint,
927628,CAPITAL ONE FINANCIAL CORP,2015-03-31,1,0.00592876187871744,reported,reported,endpoint,
927628,CAPITAL ONE FINANCIAL CORP,2015-06-30,1,0.005899177205752782,reported,reported,endpoint,
927628,CAPITAL ONE FINANCIAL CORP,2015-09-30,1,0.005835722264841658,reported,reported,endpoint,
927628,CAPITAL ONE FINANCIAL CORP,2015-12-31,1,0.005835848331147524,reported,reported,endpoint,
927628,CAPITAL ONE FINANCIAL CORP,2016-03-31,1,0.005827976863137789,reported,reported,endpoint,
927628,CAPITAL ONE FINANCIAL CORP,2016-06-30,1,0.005955658895755573,reported,reported,endpoint,
927628,CAPITAL ONE FINANCIAL CORP,2016-09-30,1,0.00618102214108789,reported,reported,endpoint,
927628,CAPITAL ONE FINANCIAL CORP,2016-12-31,1,0.006451581560524871,reported,reported,endpoint,
927628,CAPITAL ONE FINANCIAL CORP,2017-03-31,1,0.0066278010908647125,reported,reported,endpoint,
927628,CAPITAL ONE FINANCIAL CORP,2017-06-30,1,0.007129725542895005,reported,reported,endpoint,
927628,CAPITAL ONE FINANCIAL CORP,2017-09-30,1,0.007685710670484528,reported,reported,endpoint,
927628,CAPITAL ONE FINANCIAL CORP,2017-12-31,1,0.008497306242359165,reported,reported,endpoint,
927628,CAPITAL ONE FINANCIAL CORP,2018-03-31,1,0.009756340376813758,reported,reported,endpoint,
927628,CAPITAL ONE FINANCIAL CORP,2018-06-30,1,0.01112512184870192,reported,reported,endpoint,
927628,CAPITAL ONE FINANCIAL CORP,2018-09-30,1,0.012243769678690942,reported,reported,endpoint,
927628,CAPITAL ONE FINANCIAL CORP,2018-12-31,1,0.013480831942082352,reported,reported,endpoint,
927628,CAPITAL ONE FINANCIAL CORP,2019-03-31,1,0.014318261479144759,reported,reported,endpoint,
927628,CAPITAL ONE FINANCIAL CORP,2019-06-30,1,0.015085833188833015,reported,reported,endpoint,
927628,CAPITAL ONE FINANCIAL CORP,2019-09-30,1,0.01549291233651087,reported,reported,endpoint,
927628,CAPITAL ONE FINANCIAL CORP,2019-12-31,1,0.014063170171542787,reported,reported,endpoint,
927628,CAPITAL ONE FINANCIAL CORP,2020-03-31,1,0.012073888564284992,reported,reported,endpoint,
927628,CAPITAL ONE FINANCIAL CORP,2020-06-30,1,0.009394128669581512,reported,reported,endpoint,
927628,CAPITAL ONE FINANCIAL CORP,2020-09-30,1,0.006907623237041404,reported,reported,endpoint,
927628,CAPITAL ONE FINANCIAL CORP,2020-12-31,1,0.0050436779604354715,reported,reported,endpoint,
927628,CAPITAL ONE FINANCIAL CORP,2021-03-31,1,0.003908286038592509,reported,reported,endpoint,
927628,CAPITAL ONE FINANCIAL CORP,2021-06-30,1,0.003462134727439061,reported,reported,endpoint,
927628,CAPITAL ONE FINANCIAL CORP,2021-09-30,1,0.0033749777961987093,reported,reported,endpoint,
927628,CAPITAL ONE FINANCIAL CORP,2021-12-31,1,0.0032763235812282893,reported,reported,endpoint,
927628,CAPITAL ONE FINANCIAL CORP,2022-03-31,1,0.0031790880173537374,reported,reported,endpoint,
927628,CAPITAL ONE FINANCIAL CORP,2022-06-30,1,0.004288884944806223,reported,reported,endpoint,
927628,CAPITAL ONE FINANCIAL CORP,2022-09-30,1,0.009955154844920289,reported,reported,endpoint,
927628,CAPITAL ONE FINANCIAL CORP,2022-12-31,1,0.018300487841656228,reported,reported,endpoint,
927628,CAPITAL ONE FINANCIAL CORP,2023-03-31,1,0.0239704244224529,reported,reported,endpoint,
927628,CAPITAL ONE FINANCIAL CORP,2023-06-30,1,0.028775705570316917,reported,reported,endpoint,
927628,CAPITAL ONE FINANCIAL CORP,2023-09-30,1,0.033071040673833534,reported,reported,endpoint,
927628,CAPITAL ONE FINANCIAL CORP,2023-12-31,1,0.034441332107916174,reported,reported,endpoint,
927628,CAPITAL ONE FINANCIAL CORP,2024-03-31,1,0.03494573128012664,reported,reported,endpoint,
927628,CAPITAL ONE FINANCIAL CORP,2024-06-30,1,0.03549303862831879,reported,reported,endpoint,
927628,CAPITAL ONE FINANCIAL CORP,2024-09-30,1,0.03615215823474351,reported,reported,endpoint,
927628,CAPITAL ONE FINANCIAL CORP,2024-12-31,1,0.03449034252332647,reported,reported,endpoint,
927628,CAPITAL ONE FINANCIAL CORP,2025-03-31,1,0.032056722096852036,reported,reported,endpoint,
927628,CAPITAL ONE FINANCIAL CORP,2025-06-30,1,0.031951049353874515,reported,reported,endpoint,
927628,CAPITAL ONE FINANCIAL CORP,2025-09-30,1,0.03264928230805102,reported,reported,endpoint,
927628,CAPITAL ONE FINANCIAL CORP,2025-12-31,1,0.03141462493339119,reported,reported,endpoint,
927628,CAPITAL ONE FINANCIAL CORP,2026-03-31,1,0.029792095243226246,reported,reported,endpoint,
1390777,BANK OF NEW YORK MELLON CORP,2009-06-30,1,0.0016925127467366239,reported,summed_components,closing_only,
1390777,BANK OF NEW YORK MELLON CORP,2009-09-30,1,0.0010116184377576465,reported,summed_components,endpoint,
1390777,BANK OF NEW YORK MELLON CORP,2020-12-31,1,-0.00027940440294771645,reported,summed_components,closing_only,
1390777,BANK OF NEW YORK MELLON CORP,2021-03-31,1,-0.000593004549707204,reported,summed_components,endpoint,
1390777,BANK OF NEW YORK MELLON CORP,2021-06-30,1,-0.0008064997294522591,reported,summed_components,endpoint,
1390777,BANK OF NEW YORK MELLON CORP,2021-09-30,1,-0.0007224514089854894,reported,summed_components,endpoint,
1390777,BANK OF NEW YORK MELLON CORP,2021-12-31,1,0.0017582792762034824,reported,summed_components,endpoint,
1390777,BANK OF NEW YORK MELLON CORP,2022-03-31,1,-0.0006277463904582549,reported,summed_components,endpoint,
1390777,BANK OF NEW YORK MELLON CORP,2022-06-30,1,0.0015474486440481257,reported,summed_components,endpoint,
1390777,BANK OF NEW YORK MELLON CORP,2022-09-30,1,0.009006452624997982,reported,summed_components,endpoint,
1390777,BANK OF NEW YORK MELLON CORP,2022-12-31,1,0.008469446567968997,reported,summed_components,endpoint,
1390777,BANK OF NEW YORK MELLON CORP,2023-03-31,1,0.02652420746551586,reported,summed_components,endpoint,
1390777,BANK OF NEW YORK MELLON CORP,2023-06-30,1,0.03195112708565392,reported,summed_components,endpoint,
1390777,BANK OF NEW YORK MELLON CORP,2023-09-30,1,0.03464600476359903,reported,summed_components,endpoint,
1390777,BANK OF NEW YORK MELLON CORP,2023-12-31,1,-0.005661431048789145,reported,summed_components,endpoint,
1390777,BANK OF NEW YORK MELLON CORP,2024-03-31,1,0.03714570815906244,reported,summed_components,endpoint,
1390777,BANK OF NEW YORK MELLON CORP,2024-06-30,1,0.03667434442576393,reported,summed_components,endpoint,
1390777,BANK OF NEW YORK MELLON CORP,2024-09-30,1,0.037753806447322756,reported,summed_components,endpoint,
1390777,BANK OF NEW YORK MELLON CORP,2024-12-31,1,-0.01582160369628355,reported,summed_components,endpoint,
1390777,BANK OF NEW YORK MELLON CORP,2025-03-31,1,0.028206099446156367,reported,summed_components,endpoint,
1390777,BANK OF NEW YORK MELLON CORP,2025-06-30,1,0.027472066022541278,reported,summed_components,endpoint,
1390777,BANK OF NEW YORK MELLON CORP,2025-09-30,1,0.027175348825880286,reported,summed_components,endpoint,
1390777,BANK OF NEW YORK MELLON CORP,2025-12-31,1,-0.007423642936437904,reported,summed_components,endpoint,
1390777,BANK OF NEW YORK MELLON CORP,2026-03-31,1,0.02214755774719147,reported,summed_components,endpoint,
1390777,BANK OF NEW YORK MELLON CORP,2026-06-30,1,0.020974717725135667,reported,summed_components,endpoint,
93751,STATE STREET CORP,2009-06-30,1,0.003040626143754047,reported,summed_components,closing_only,
93751,STATE STREET CORP,2009-09-30,1,0.0019298551268477693,reported,summed_components,endpoint,
93751,STATE STREET CORP,2010-03-31,1,0.0017045564602044176,reported,summed_components,endpoint,
93751,STATE STREET CORP,2010-06-30,1,0.002288201461215607,reported,summed_components,endpoint,
93751,STATE STREET CORP,2010-09-30,1,0.0028877503493246392,reported,summed_components,endpoint,
93751,STATE STREET CORP,2011-03-31,1,0.002818475593459193,reported,summed_components,endpoint,
93751,STATE STREET CORP,2011-06-30,1,0.0019437741246113832,reported,summed_components,endpoint,
93751,STATE STREET CORP,2011-09-30,1,0.0021234565380512183,reported,summed_components,endpoint,
93751,STATE STREET CORP,2011-12-31,1,0.002685369314569654,reported,summed_components,endpoint,
93751,STATE STREET CORP,2012-03-31,1,0.0022194653391751336,reported,summed_components,endpoint,
93751,STATE STREET CORP,2012-06-30,1,0.0015136329235615374,reported,summed_components,endpoint,
93751,STATE STREET CORP,2012-09-30,1,0.0014237408791599928,reported,summed_components,endpoint,
93751,STATE STREET CORP,2013-03-31,1,0.001163352679774344,reported,summed_components,endpoint,
93751,STATE STREET CORP,2013-06-30,1,0.0009364067126488605,reported,summed_components,endpoint,
93751,STATE STREET CORP,2013-09-30,1,0.0006041276130740323,reported,summed_components,endpoint,
93751,STATE STREET CORP,2013-12-31,1,0.0005329212075994564,reported,summed_components,endpoint,
93751,STATE STREET CORP,2014-03-31,1,0.0005031404348810493,reported,summed_components,endpoint,
93751,STATE STREET CORP,2014-06-30,1,0.0005381708916818961,reported,summed_components,endpoint,
93751,STATE STREET CORP,2014-09-30,1,0.0009180724651288953,reported,summed_components,endpoint,
93751,STATE STREET CORP,2014-12-31,1,0.0009415658525450811,reported,summed_components,endpoint,
93751,STATE STREET CORP,2015-03-31,1,0.0007503661642580394,reported,summed_components,endpoint,
93751,STATE STREET CORP,2015-06-30,1,0.0003914455174245681,reported,summed_components,endpoint,
93751,STATE STREET CORP,2015-09-30,1,0.0008133269429073534,reported,summed_components,endpoint,
93751,STATE STREET CORP,2015-12-31,1,0.0009457457205006147,reported,summed_components,endpoint,
93751,STATE STREET CORP,2016-03-31,1,0.0011824422878702425,reported,summed_components,endpoint,
93751,STATE STREET CORP,2016-06-30,1,0.00047916744656159924,reported,summed_components,endpoint,
93751,STATE STREET CORP,2016-09-30,1,0.0005837647719851286,reported,summed_components,endpoint,
93751,STATE STREET CORP,2016-12-31,1,0.0003609198945813141,reported,summed_components,endpoint,
93751,STATE STREET CORP,2017-03-31,1,0.001383403093006347,reported,summed_components,endpoint,
93751,STATE STREET CORP,2017-06-30,1,0.0004355637828714542,reported,summed_components,endpoint,
93751,STATE STREET CORP,2017-09-30,1,0.0012005910602142593,reported,summed_components,endpoint,
93751,STATE STREET CORP,2017-12-31,1,0.002006483637425412,reported,summed_components,endpoint,
93751,STATE STREET CORP,2018-03-31,1,0.0018514912954193958,reported,summed_components,endpoint,
93751,STATE STREET CORP,2018-06-30,1,0.0026484252656794587,reported,summed_components,endpoint,
93751,STATE STREET CORP,2018-09-30,1,0.002578150177247825,reported,summed_components,endpoint,
93751,STATE STREET CORP,2018-12-31,1,0.0038799210268042968,reported,summed_components,endpoint,
93751,STATE STREET CORP,2019-03-31,1,0.005206826728377205,reported,summed_components,endpoint,
93751,STATE STREET CORP,2019-06-30,1,0.006345543697721373,reported,summed_components,endpoint,
93751,STATE STREET CORP,2019-09-30,1,0.005060643623186816,reported,summed_components,endpoint,
93751,STATE STREET CORP,2019-12-31,1,0.00308763262785606,reported,summed_components,endpoint,
93751,STATE STREET CORP,2020-03-31,1,0.0016212623792621467,reported,summed_components,endpoint,
93751,STATE STREET CORP,2020-06-30,1,-0.0012484466664740052,reported,summed_components,endpoint,
93751,STATE STREET CORP,2020-09-30,1,-0.0015508803152609165,reported,summed_components,endpoint,
93751,STATE STREET CORP,2020-12-31,1,-0.00161528055404123,reported,summed_components,endpoint,
93751,STATE STREET CORP,2021-03-31,1,-0.0014596494197100269,reported,summed_components,endpoint,
93751,STATE STREET CORP,2021-06-30,1,-0.0013331931771275328,reported,summed_components,endpoint,
93751,STATE STREET CORP,2021-09-30,1,-0.0012502678245087783,reported,summed_components,endpoint,
93751,STATE STREET CORP,2021-12-31,1,-0.0013636525535411716,reported,summed_components,endpoint,
93751,STATE STREET CORP,2022-03-31,1,-0.0012995719663761538,reported,summed_components,endpoint,
93751,STATE STREET CORP,2022-06-30,1,0.0004892354897805619,reported,summed_components,endpoint,
93751,STATE STREET CORP,2022-09-30,1,0.006500664963853594,reported,summed_components,endpoint,
93751,STATE STREET CORP,2022-12-31,1,0.015243187594158216,reported,summed_components,endpoint,
93751,STATE STREET CORP,2023-03-31,1,0.020803090994422676,reported,summed_components,endpoint,
93751,STATE STREET CORP,2023-06-30,1,0.026246026246026247,reported,summed_components,endpoint,
93751,STATE STREET CORP,2023-09-30,1,0.029352299208347334,reported,summed_components,endpoint,
93751,STATE STREET CORP,2023-12-31,1,0.03308733020039499,reported,summed_components,endpoint,
93751,STATE STREET CORP,2024-03-31,1,0.03256245687708169,reported,summed_components,endpoint,
93751,STATE STREET CORP,2024-06-30,1,0.031243588336617695,reported,summed_components,endpoint,
93751,STATE STREET CORP,2024-09-30,1,0.03225699083737893,reported,summed_components,endpoint,
93751,STATE STREET CORP,2024-12-31,1,0.02975348589340283,reported,summed_components,endpoint,
93751,STATE STREET CORP,2025-03-31,1,0.0267388924105342,reported,summed_components,endpoint,
93751,STATE STREET CORP,2025-06-30,1,0.02774011461435424,reported,summed_components,endpoint,
93751,STATE STREET CORP,2025-09-30,1,0.026879380802697653,reported,summed_components,endpoint,
93751,STATE STREET CORP,2025-12-31,1,0.02414754264092084,reported,summed_components,endpoint,
93751,STATE STREET CORP,2026-03-31,1,0.021965132584251423,reported,summed_components,endpoint,
93751,STATE STREET CORP,2026-06-30,1,0.02237088898845006,reported,summed_components,endpoint,
4962,AMERICAN EXPRESS CO,2008-12-31,2,0.018855740668991348,reported,reported,closing_only,
4962,AMERICAN EXPRESS CO,2009-06-30,2,0.0208664546899841,reported,reported,closing_only,
4962,AMERICAN EXPRESS CO,2009-09-30,2,0.01982223636652952,reported,reported,endpoint,
4962,AMERICAN EXPRESS CO,2009-12-31,1,0.019193419399063178,reported,summed_components,closing_only,
4962,AMERICAN EXPRESS CO,2010-03-31,2,0.018820415740043006,reported,reported,endpoint,
4962,AMERICAN EXPRESS CO,2010-06-30,1,0.019347549781104364,reported,summed_components,closing_only,
4962,AMERICAN EXPRESS CO,2010-09-30,1,0.019907521795912604,reported,summed_components,endpoint,
4962,AMERICAN EXPRESS CO,2010-12-31,1,0.019300029294687323,reported,summed_components,endpoint,
4962,AMERICAN EXPRESS CO,2011-03-31,1,0.017841735987888456,reported,summed_components,endpoint,
4962,AMERICAN EXPRESS CO,2011-06-30,1,0.01637551173474171,reported,summed_components,endpoint,
4962,AMERICAN EXPRESS CO,2011-09-30,1,0.015536831159298397,reported,summed_components,endpoint,
4962,AMERICAN EXPRESS CO,2011-12-31,1,0.014982961106260738,reported,summed_components,endpoint,
4962,AMERICAN EXPRESS CO,2012-03-31,1,0.013563420820902387,reported,summed_components,endpoint,
4962,AMERICAN EXPRESS CO,2012-06-30,1,0.01240761719803636,reported,summed_components,endpoint,
4962,AMERICAN EXPRESS CO,2012-09-30,1,0.012909931347610842,reported,summed_components,endpoint,
4962,AMERICAN EXPRESS CO,2012-12-31,1,0.012265793508484706,reported,summed_components,endpoint,
4962,AMERICAN EXPRESS CO,2013-03-31,1,0.01130167542381283,reported,summed_components,endpoint,
4962,AMERICAN EXPRESS CO,2013-06-30,1,0.010564901324315317,reported,summed_components,endpoint,
4962,AMERICAN EXPRESS CO,2013-09-30,1,0.010805154350656461,reported,summed_components,endpoint,
4962,AMERICAN EXPRESS CO,2013-12-31,1,0.010599344767777992,reported,summed_components,endpoint,
4962,AMERICAN EXPRESS CO,2014-03-31,1,0.009069529035759513,reported,summed_components,endpoint,
4962,AMERICAN EXPRESS CO,2014-06-30,1,0.008732576829882686,reported,summed_components,endpoint,
4962,AMERICAN EXPRESS CO,2014-09-30,1,0.00872964481857208,reported,summed_components,endpoint,
4962,AMERICAN EXPRESS CO,2014-12-31,1,0.009088247350237161,reported,summed_components,endpoint,
4962,AMERICAN EXPRESS CO,2015-03-31,1,0.00940113406884277,reported,summed_components,endpoint,
4962,AMERICAN EXPRESS CO,2015-06-30,1,0.009612840638504276,reported,summed_components,endpoint,
4962,AMERICAN EXPRESS CO,2015-09-30,1,0.010517901468299045,reported,summed_components,endpoint,
4962,AMERICAN EXPRESS CO,2015-12-31,1,0.010738986216355554,reported,summed_components,endpoint,
4962,AMERICAN EXPRESS CO,2016-03-31,1,0.010988507852204569,reported,summed_components,endpoint,
4962,AMERICAN EXPRESS CO,2016-06-30,1,0.01103184525998382,reported,summed_components,endpoint,
4962,AMERICAN EXPRESS CO,2016-09-30,1,0.01125597973923647,reported,summed_components,endpoint,
4962,AMERICAN EXPRESS CO,2016-12-31,1,0.01125165116080168,reported,summed_components,endpoint,
4962,AMERICAN EXPRESS CO,2017-03-31,1,0.011295259212932693,reported,summed_components,endpoint,
4962,AMERICAN EXPRESS CO,2017-06-30,1,0.012777001397484528,reported,summed_components,endpoint,
4962,AMERICAN EXPRESS CO,2017-09-30,1,0.014484130357173214,reported,summed_components,endpoint,
4962,AMERICAN EXPRESS CO,2017-12-31,1,0.015510236917259966,reported,summed_components,endpoint,
4962,AMERICAN EXPRESS CO,2018-03-31,1,0.016659596621804017,reported,summed_components,endpoint,
4962,AMERICAN EXPRESS CO,2018-06-30,1,0.01809599927616003,reported,summed_components,endpoint,
4962,AMERICAN EXPRESS CO,2018-09-30,1,0.02010778363433404,reported,summed_components,endpoint,
4962,AMERICAN EXPRESS CO,2018-12-31,1,0.021891240600412275,reported,summed_components,endpoint,
4962,AMERICAN EXPRESS CO,2019-03-31,1,0.022588794768910684,reported,summed_components,endpoint,
4962,AMERICAN EXPRESS CO,2019-06-30,1,0.022559942210985468,reported,summed_components,endpoint,
4962,AMERICAN EXPRESS CO,2019-09-30,1,0.022217297357194306,reported,summed_components,endpoint,
4962,AMERICAN EXPRESS CO,2019-12-31,1,0.01947250474056197,reported,summed_components,endpoint,
4962,AMERICAN EXPRESS CO,2020-03-31,1,0.017508996186691016,reported,summed_components,endpoint,
4962,AMERICAN EXPRESS CO,2020-06-30,1,0.013051389847524629,reported,summed_components,endpoint,
4962,AMERICAN EXPRESS CO,2020-09-30,1,0.00968424332859908,reported,summed_components,endpoint,
4962,AMERICAN EXPRESS CO,2020-12-31,1,0.007311967449951352,reported,summed_components,endpoint,
4962,AMERICAN EXPRESS CO,2021-03-31,1,0.006171240407808461,reported,summed_components,endpoint,
4962,AMERICAN EXPRESS CO,2021-06-30,1,0.005257372825663424,reported,summed_components,endpoint,
4962,AMERICAN EXPRESS CO,2021-09-30,1,0.0052165589854032066,reported,summed_components,endpoint,
4962,AMERICAN EXPRESS CO,2021-12-31,1,0.004896783485357657,reported,summed_components,endpoint,
4962,AMERICAN EXPRESS CO,2022-03-31,1,0.005633867858091181,reported,summed_components,endpoint,
4962,AMERICAN EXPRESS CO,2022-06-30,1,0.008073263789577071,reported,summed_components,endpoint,
4962,AMERICAN EXPRESS CO,2022-09-30,1,0.017791885484955243,reported,summed_components,endpoint,
4962,AMERICAN EXPRESS CO,2022-12-31,1,0.02941537879861997,reported,summed_components,endpoint,
4962,AMERICAN EXPRESS CO,2023-03-31,1,0.03472777217323708,reported,summed_components,endpoint,
4962,AMERICAN EXPRESS CO,2023-06-30,1,0.03959953480479598,reported,summed_components,endpoint,
4962,AMERICAN EXPRESS CO,2023-09-30,1,0.04207161959428609,reported,summed_components,endpoint,
4962,AMERICAN EXPRESS CO,2023-12-31,1,0.04402380782098044,reported,summed_components,endpoint,
4962,AMERICAN EXPRESS CO,2024-03-31,1,0.043630304257929395,reported,summed_components,endpoint,
4962,AMERICAN EXPRESS CO,2024-06-30,1,0.04279857638419606,reported,summed_components,endpoint,
4962,AMERICAN EXPRESS CO,2024-09-30,1,0.04326718082599622,reported,summed_components,endpoint,
4962,AMERICAN EXPRESS CO,2024-12-31,1,0.0409462781606416,reported,summed_components,endpoint,
4962,AMERICAN EXPRESS CO,2025-03-31,1,0.03766714443180578,reported,summed_components,endpoint,
4962,AMERICAN EXPRESS CO,2025-06-30,1,0.037395895705187525,reported,summed_components,endpoint,
4962,AMERICAN EXPRESS CO,2025-09-30,1,0.03688371608147508,reported,summed_components,endpoint,
4962,AMERICAN EXPRESS CO,2025-12-31,1,0.035767431795861976,reported,summed_components,endpoint,
4962,AMERICAN EXPRESS CO,2026-03-31,1,0.033408287825248954,reported,summed_components,endpoint,
4962,AMERICAN EXPRESS CO,2026-06-30,1,0.03265441912689095,reported,summed_components,endpoint,
759944,CITIZENS FINANCIAL GROUP INC/RI,2013-12-31,1,0.002581811140515071,reported,reported,closing_only,
759944,CITIZENS FINANCIAL GROUP INC/RI,2014-09-30,1,0.0024265380404225726,reported,reported,closing_only,
759944,CITIZENS FINANCIAL GROUP INC/RI,2014-12-31,1,0.002798691028883366,reported,reported,endpoint,
759944,CITIZENS FINANCIAL GROUP INC/RI,2015-03-31,1,0.002930795189550588,reported,reported,endpoint,
759944,CITIZENS FINANCIAL GROUP INC/RI,2015-06-30,1,0.0032818941999357295,reported,reported,endpoint,
759944,CITIZENS FINANCIAL GROUP INC/RI,2015-09-30,1,0.003503334905342586,reported,reported,endpoint,
759944,CITIZENS FINANCIAL GROUP INC/RI,2015-12-31,1,0.0032132170327279544,reported,reported,endpoint,
759944,CITIZENS FINANCIAL GROUP INC/RI,2016-03-31,1,0.003193400306034196,reported,reported,endpoint,
759944,CITIZENS FINANCIAL GROUP INC/RI,2016-06-30,1,0.0032606796964462473,reported,reported,endpoint,
759944,CITIZENS FINANCIAL GROUP INC/RI,2016-09-30,1,0.0035459221894820958,reported,reported,endpoint,
759944,CITIZENS FINANCIAL GROUP INC/RI,2016-12-31,1,0.0037446032752960884,reported,reported,endpoint,
759944,CITIZENS FINANCIAL GROUP INC/RI,2017-03-31,1,0.00415130542867659,reported,reported,endpoint,
759944,CITIZENS FINANCIAL GROUP INC/RI,2017-06-30,1,0.004794415915580677,reported,reported,endpoint,
759944,CITIZENS FINANCIAL GROUP INC/RI,2017-09-30,1,0.005774952902442031,reported,reported,endpoint,
759944,CITIZENS FINANCIAL GROUP INC/RI,2017-12-31,1,0.006103214751000575,reported,reported,endpoint,
759944,CITIZENS FINANCIAL GROUP INC/RI,2018-03-31,1,0.006701212572861244,reported,reported,endpoint,
759944,CITIZENS FINANCIAL GROUP INC/RI,2018-06-30,1,0.008277738713863498,reported,reported,endpoint,
759944,CITIZENS FINANCIAL GROUP INC/RI,2018-09-30,1,0.009787107543847614,reported,reported,endpoint,
759944,CITIZENS FINANCIAL GROUP INC/RI,2018-12-31,1,0.011048042072747975,reported,reported,endpoint,
759944,CITIZENS FINANCIAL GROUP INC/RI,2019-03-31,1,0.012367357931591706,reported,reported,endpoint,
759944,CITIZENS FINANCIAL GROUP INC/RI,2019-06-30,1,0.012877263581488933,reported,reported,endpoint,
759944,CITIZENS FINANCIAL GROUP INC/RI,2019-09-30,1,0.012466747469659525,reported,reported,endpoint,
759944,CITIZENS FINANCIAL GROUP INC/RI,2019-12-31,1,0.011024075869115297,reported,reported,endpoint,
759944,CITIZENS FINANCIAL GROUP INC/RI,2020-03-31,1,0.009210933418544611,reported,reported,endpoint,
759944,CITIZENS FINANCIAL GROUP INC/RI,2020-06-30,1,0.004859172177320598,reported,reported,endpoint,
759944,CITIZENS FINANCIAL GROUP INC/RI,2020-09-30,1,0.0034774963979584362,reported,reported,endpoint,
759944,CITIZENS FINANCIAL GROUP INC/RI,2020-12-31,1,0.002692617253237726,reported,reported,endpoint,
759944,CITIZENS FINANCIAL GROUP INC/RI,2021-03-31,1,0.00191740766483714,reported,reported,endpoint,
759944,CITIZENS FINANCIAL GROUP INC/RI,2021-06-30,1,0.0016119901361555955,reported,reported,endpoint,
759944,CITIZENS FINANCIAL GROUP INC/RI,2021-09-30,1,0.0013513970066556303,reported,reported,endpoint,
759944,CITIZENS FINANCIAL GROUP INC/RI,2021-12-31,1,0.0012634299251034911,reported,reported,endpoint,
759944,CITIZENS FINANCIAL GROUP INC/RI,2022-03-31,1,0.0009364128831684467,reported,reported,endpoint,
759944,CITIZENS FINANCIAL GROUP INC/RI,2022-06-30,1,0.0018507490821227065,reported,reported,endpoint,
759944,CITIZENS FINANCIAL GROUP INC/RI,2022-09-30,1,0.005599879093519572,reported,reported,endpoint,
759944,CITIZENS FINANCIAL GROUP INC/RI,2022-12-31,1,0.012273408776572046,reported,reported,endpoint,
759944,CITIZENS FINANCIAL GROUP INC/RI,2023-03-31,1,0.016968173106216906,reported,reported,endpoint,
759944,CITIZENS FINANCIAL GROUP INC/RI,2023-06-30,1,0.021805925752783235,reported,reported,endpoint,
759944,CITIZENS FINANCIAL GROUP INC/RI,2023-09-30,1,0.025933426468411687,reported,reported,endpoint,
759944,CITIZENS FINANCIAL GROUP INC/RI,2023-12-31,1,0.027841398358529466,reported,reported,endpoint,
759944,CITIZENS FINANCIAL GROUP INC/RI,2024-03-31,1,0.028192951762059486,reported,reported,endpoint,
759944,CITIZENS FINANCIAL GROUP INC/RI,2024-06-30,1,0.027644489006660458,reported,reported,endpoint,
759944,CITIZENS FINANCIAL GROUP INC/RI,2024-09-30,1,0.028424282663699823,reported,reported,endpoint,
759944,CITIZENS FINANCIAL GROUP INC/RI,2024-12-31,1,0.025495730259216216,reported,reported,endpoint,
759944,CITIZENS FINANCIAL GROUP INC/RI,2025-03-31,1,0.02288790683614274,reported,reported,endpoint,
759944,CITIZENS FINANCIAL GROUP INC/RI,2025-06-30,1,0.02315367820862128,reported,reported,endpoint,
759944,CITIZENS FINANCIAL GROUP INC/RI,2025-09-30,1,0.023513817249229175,reported,reported,endpoint,
759944,CITIZENS FINANCIAL GROUP INC/RI,2025-12-31,1,0.02204385485208249,reported,reported,endpoint,
759944,CITIZENS FINANCIAL GROUP INC/RI,2026-03-31,1,0.02005195278676571,reported,reported,endpoint,
759944,CITIZENS FINANCIAL GROUP INC/RI,2026-06-30,1,0.02081910787196388,reported,reported,endpoint,
750556,SUNTRUST BANKS INC,2008-12-31,2,0.017805001084282644,reported,reported,closing_only,
750556,SUNTRUST BANKS INC,2009-06-30,2,0.013430911137455528,reported,reported,closing_only,
750556,SUNTRUST BANKS INC,2009-09-30,2,0.01125396933933167,reported,reported,endpoint,
750556,SUNTRUST BANKS INC,2009-12-31,2,0.00936115992450593,reported,reported,endpoint,
750556,SUNTRUST BANKS INC,2010-03-31,2,0.007746898003227065,reported,reported,endpoint,
750556,SUNTRUST BANKS INC,2010-06-30,2,0.007588285210891685,reported,reported,endpoint,
750556,SUNTRUST BANKS INC,2010-09-30,2,0.007162811855680336,reported,reported,endpoint,
750556,SUNTRUST BANKS INC,2010-12-31,2,0.006179429142199339,reported,reported,endpoint,
750556,SUNTRUST BANKS INC,2011-03-31,2,0.005473041626691603,reported,reported,endpoint,
750556,SUNTRUST BANKS INC,2011-06-30,2,0.005206784890681623,reported,reported,endpoint,
750556,SUNTRUST BANKS INC,2011-09-30,2,0.004905005334989569,reported,reported,endpoint,
750556,SUNTRUST BANKS INC,2011-12-31,2,0.004374972951493668,reported,reported,endpoint,
750556,SUNTRUST BANKS INC,2012-03-31,2,0.003938686742597518,reported,reported,endpoint,
750556,SUNTRUST BANKS INC,2012-06-30,2,0.003652756012150057,reported,reported,endpoint,
750556,SUNTRUST BANKS INC,2012-09-30,2,0.003066944673726377,reported,reported,endpoint,
750556,SUNTRUST BANKS INC,2012-12-31,1,0.0037485862013249315,reported,reported,closing_only,
750556,SUNTRUST BANKS INC,2013-03-31,2,0.002410088814823572,reported,reported,endpoint,
750556,SUNTRUST BANKS INC,2013-06-30,2,0.0023297894646920406,reported,reported,endpoint,
750556,SUNTRUST BANKS INC,2013-09-30,2,0.00218321884429751,reported,reported,endpoint,
750556,SUNTRUST BANKS INC,2013-12-31,1,0.0029463824360426126,reported,reported,closing_only,
750556,SUNTRUST BANKS INC,2014-03-31,1,0.0028241990408585564,reported,reported,endpoint,
750556,SUNTRUST BANKS INC,2014-06-30,1,0.002629905474299141,reported,reported,endpoint,
750556,SUNTRUST BANKS INC,2014-09-30,1,0.0023181064504531577,reported,reported,endpoint,
750556,SUNTRUST BANKS INC,2014-12-31,1,0.0022746541491759547,reported,reported,endpoint,
750556,SUNTRUST BANKS INC,2015-03-31,1,0.0022231264700920015,reported,reported,endpoint,
750556,SUNTRUST BANKS INC,2015-06-30,1,0.0021546341773949493,reported,reported,endpoint,
750556,SUNTRUST BANKS INC,2015-09-30,1,0.002086472701982149,reported,reported,endpoint,
750556,SUNTRUST BANKS INC,2015-12-31,1,0.002033496201316124,reported,reported,endpoint,
750556,SUNTRUST BANKS INC,2016-03-31,1,0.0021704841743193093,reported,reported,endpoint,
750556,SUNTRUST BANKS INC,2016-06-30,1,0.0022889322857532132,reported,reported,endpoint,
750556,SUNTRUST BANKS INC,2016-09-30,1,0.002379134634163663,reported,reported,endpoint,
750556,SUNTRUST BANKS INC,2016-12-31,1,0.0024485502685645806,reported,reported,endpoint,
750556,SUNTRUST BANKS INC,2017-03-31,1,0.0027074705033779925,reported,reported,endpoint,
750556,SUNTRUST BANKS INC,2017-06-30,1,0.0032301526247115178,reported,reported,endpoint,
750556,SUNTRUST BANKS INC,2017-09-30,1,0.0037848435768476686,reported,reported,endpoint,
750556,SUNTRUST BANKS INC,2017-12-31,1,0.003987345247498405,reported,reported,endpoint,
750556,SUNTRUST BANKS INC,2018-03-31,1,0.00442416234311743,reported,reported,endpoint,
750556,SUNTRUST BANKS INC,2018-06-30,1,0.005399485520719252,reported,reported,endpoint,
750556,SUNTRUST BANKS INC,2018-09-30,1,0.006564597939634611,reported,reported,endpoint,
750556,SUNTRUST BANKS INC,2018-12-31,1,0.007556371111027891,reported,reported,endpoint,
750556,SUNTRUST BANKS INC,2019-03-31,1,0.008176467207933472,reported,reported,endpoint,
750556,SUNTRUST BANKS INC,2019-06-30,1,0.008852724722221079,reported,reported,endpoint,
750556,SUNTRUST BANKS INC,2019-09-30,1,0.0094290667878822,reported,reported,endpoint,
35527,FIFTH THIRD BANCORP,2008-06-30,2,0.014363955771416761,reported,reported,closing_only,
35527,FIFTH THIRD BANCORP,2008-09-30,2,0.015031379942663809,reported,reported,endpoint,
35527,FIFTH THIRD BANCORP,2008-12-31,2,0.01650509697385198,reported,reported,endpoint,
35527,FIFTH THIRD BANCORP,2009-03-31,2,0.013838820669844376,reported,reported,endpoint,
35527,FIFTH THIRD BANCORP,2009-06-30,2,0.012851645683117271,reported,reported,endpoint,
35527,FIFTH THIRD BANCORP,2009-09-30,2,0.011387331593602118,reported,reported,endpoint,
35527,FIFTH THIRD BANCORP,2009-12-31,2,0.009482900838918997,reported,reported,endpoint,
35527,FIFTH THIRD BANCORP,2010-03-31,2,0.008148726165869466,reported,reported,endpoint,
35527,FIFTH THIRD BANCORP,2010-06-30,2,0.007773599937231802,reported,reported,endpoint,
35527,FIFTH THIRD BANCORP,2010-09-30,2,0.006900053218495569,reported,reported,endpoint,
35527,FIFTH THIRD BANCORP,2010-12-31,2,0.0057910557634500955,reported,reported,endpoint,
35527,FIFTH THIRD BANCORP,2011-03-31,2,0.005171835452688073,reported,reported,endpoint,
35527,FIFTH THIRD BANCORP,2011-06-30,2,0.004763220084092932,reported,reported,endpoint,
35527,FIFTH THIRD BANCORP,2011-09-30,2,0.004131697869593286,reported,reported,endpoint,
35527,FIFTH THIRD BANCORP,2012-03-31,2,0.002705523582952869,reported,reported,endpoint,
35527,FIFTH THIRD BANCORP,2012-06-30,2,0.002587261266346787,reported,reported,endpoint,
35527,FIFTH THIRD BANCORP,2012-09-30,2,0.0024621066399938447,reported,reported,endpoint,
35527,FIFTH THIRD BANCORP,2013-03-31,2,0.002208224532270441,reported,reported,endpoint,
35527,FIFTH THIRD BANCORP,2013-06-30,2,0.002290925987961832,reported,reported,endpoint,
35527,FIFTH THIRD BANCORP,2013-09-30,2,0.0021750719692931017,reported,reported,endpoint,
35527,FIFTH THIRD BANCORP,2013-12-31,2,0.001985511967363147,reported,reported,endpoint,
35527,FIFTH THIRD BANCORP,2014-03-31,2,0.001957695425416393,reported,reported,endpoint,
35527,FIFTH THIRD BANCORP,2014-06-30,2,0.002032920871666684,reported,reported,endpoint,
35527,FIFTH THIRD BANCORP,2014-09-30,2,0.0021113204032207986,reported,reported,endpoint,
35527,FIFTH THIRD BANCORP,2014-12-31,1,0.0032883428246864863,reported,reported,closing_only,
35527,FIFTH THIRD BANCORP,2015-03-31,1,0.0029635117614373032,reported,reported,endpoint,
35527,FIFTH THIRD BANCORP,2015-06-30,1,0.0027129439865532343,reported,reported,endpoint,
35527,FIFTH THIRD BANCORP,2015-09-30,1,0.002634040483406293,reported,reported,endpoint,
35527,FIFTH THIRD BANCORP,2015-12-31,1,0.0027669380972789267,reported,reported,endpoint,
35527,FIFTH THIRD BANCORP,2016-03-31,1,0.002935120362397514,reported,reported,endpoint,
35527,FIFTH THIRD BANCORP,2016-06-30,1,0.003022266548798271,reported,reported,endpoint,
35527,FIFTH THIRD BANCORP,2016-09-30,1,0.0031054955092099253,reported,reported,endpoint,
35527,FIFTH THIRD BANCORP,2016-12-31,1,0.0032314769794666567,reported,reported,endpoint,
35527,FIFTH THIRD BANCORP,2017-03-31,1,0.003449460291011671,reported,reported,endpoint,
35527,FIFTH THIRD BANCORP,2017-06-30,1,0.0038317281830976577,reported,reported,endpoint,
35527,FIFTH THIRD BANCORP,2017-09-30,1,0.004386986275643963,reported,reported,endpoint,
35527,FIFTH THIRD BANCORP,2017-12-31,1,0.004772842526026907,reported,reported,endpoint,
35527,FIFTH THIRD BANCORP,2018-03-31,1,0.005456594941162111,reported,reported,endpoint,
35527,FIFTH THIRD BANCORP,2018-06-30,1,0.006664519832546938,reported,reported,endpoint,
35527,FIFTH THIRD BANCORP,2018-09-30,1,0.008000555594138483,reported,reported,endpoint,
35527,FIFTH THIRD BANCORP,2018-12-31,1,0.009594125608007611,reported,reported,endpoint,
35527,FIFTH THIRD BANCORP,2019-03-31,1,0.009974455662328184,reported,reported,endpoint,
35527,FIFTH THIRD BANCORP,2019-06-30,1,0.010951865873445106,reported,reported,endpoint,
35527,FIFTH THIRD BANCORP,2019-09-30,1,0.010844764779060233,reported,reported,endpoint,
35527,FIFTH THIRD BANCORP,2019-12-31,1,0.00886190929835833,reported,reported,endpoint,
35527,FIFTH THIRD BANCORP,2020-03-31,1,0.0071159884686692884,reported,reported,endpoint,
35527,FIFTH THIRD BANCORP,2020-06-30,1,0.0032690840164438864,reported,reported,endpoint,
35527,FIFTH THIRD BANCORP,2020-09-30,1,0.001732792149698174,reported,reported,endpoint,
35527,FIFTH THIRD BANCORP,2020-12-31,1,0.0010477451650926235,reported,reported,endpoint,
35527,FIFTH THIRD BANCORP,2021-03-31,1,0.0008300395256916996,reported,reported,endpoint,
35527,FIFTH THIRD BANCORP,2021-06-30,1,0.0005983455744865447,reported,reported,endpoint,
35527,FIFTH THIRD BANCORP,2021-09-30,1,0.0004782019606280386,reported,reported,endpoint,
35527,FIFTH THIRD BANCORP,2021-12-31,1,0.0004282967902075779,reported,reported,endpoint,
35527,FIFTH THIRD BANCORP,2022-03-31,1,0.0004205355137462546,reported,reported,endpoint,
35527,FIFTH THIRD BANCORP,2022-06-30,1,0.0009740133245022792,reported,reported,endpoint,
35527,FIFTH THIRD BANCORP,2022-09-30,1,0.0043842909290195044,reported,reported,endpoint,
35527,FIFTH THIRD BANCORP,2022-12-31,1,0.011182763633652663,reported,reported,endpoint,
35527,FIFTH THIRD BANCORP,2023-03-31,1,0.017079739694762182,reported,reported,endpoint,
35527,FIFTH THIRD BANCORP,2023-06-30,1,0.0225677247082131,reported,reported,endpoint,
35527,FIFTH THIRD BANCORP,2023-09-30,1,0.02782127140573237,reported,reported,endpoint,
35527,FIFTH THIRD BANCORP,2023-12-31,1,0.030513554011715027,reported,reported,endpoint,
35527,FIFTH THIRD BANCORP,2024-03-31,1,0.03010603382984095,reported,reported,endpoint,
35527,FIFTH THIRD BANCORP,2024-06-30,1,0.03018642004970676,reported,reported,endpoint,
35527,FIFTH THIRD BANCORP,2024-09-30,1,0.03059684391026401,reported,reported,endpoint,
35527,FIFTH THIRD BANCORP,2024-12-31,1,0.027049980052219733,reported,reported,endpoint,
35527,FIFTH THIRD BANCORP,2025-03-31,1,0.02369411314497098,reported,reported,endpoint,
35527,FIFTH THIRD BANCORP,2025-06-30,1,0.0237389686358606,reported,reported,endpoint,
35527,FIFTH THIRD BANCORP,2025-09-30,1,0.024313941614121537,reported,reported,endpoint,
35527,FIFTH THIRD BANCORP,2025-12-31,1,0.02287415669269941,reported,reported,endpoint,
35527,FIFTH THIRD BANCORP,2026-03-31,1,0.0218652717358417,reported,reported,endpoint,
35527,FIFTH THIRD BANCORP,2026-06-30,1,0.02105766929887533,reported,reported,endpoint,
798941,FIRST CITIZENS BANCSHARES INC /DE/,2009-06-30,1,0.017179016756920337,reported,reported,closing_only,
798941,FIRST CITIZENS BANCSHARES INC /DE/,2009-09-30,1,0.014852268727591935,reported,reported,endpoint,
798941,FIRST CITIZENS BANCSHARES INC /DE/,2009-12-31,1,0.012672579066377502,reported,reported,endpoint,
798941,FIRST CITIZENS BANCSHARES INC /DE/,2010-03-31,1,0.01163698179447077,reported,reported,endpoint,
798941,FIRST CITIZENS BANCSHARES INC /DE/,2010-06-30,1,0.011682654761111482,reported,reported,endpoint,
798941,FIRST CITIZENS BANCSHARES INC /DE/,2010-09-30,1,0.010618828349139329,reported,reported,endpoint,
798941,FIRST CITIZENS BANCSHARES INC /DE/,2010-12-31,1,0.009556417438493961,reported,reported,endpoint,
798941,FIRST CITIZENS BANCSHARES INC /DE/,2011-03-31,1,0.008736481589318933,reported,reported,endpoint,
798941,FIRST CITIZENS BANCSHARES INC /DE/,2011-06-30,1,0.007981618492650526,reported,reported,endpoint,
798941,FIRST CITIZENS BANCSHARES INC /DE/,2011-09-30,1,0.007387180897776816,reported,reported,endpoint,
798941,FIRST CITIZENS BANCSHARES INC /DE/,2011-12-31,1,0.006056041815584035,reported,reported,endpoint,
798941,FIRST CITIZENS BANCSHARES INC /DE/,2012-03-31,1,0.004985328811671577,reported,reported,endpoint,
798941,FIRST CITIZENS BANCSHARES INC /DE/,2012-06-30,1,0.0045896918227222,reported,reported,endpoint,
798941,FIRST CITIZENS BANCSHARES INC /DE/,2012-09-30,1,0.004255334838011539,reported,reported,endpoint,
798941,FIRST CITIZENS BANCSHARES INC /DE/,2012-12-31,1,0.0037251766855668717,reported,reported,endpoint,
798941,FIRST CITIZENS BANCSHARES INC /DE/,2013-03-31,1,0.0031310568781847945,reported,reported,endpoint,
798941,FIRST CITIZENS BANCSHARES INC /DE/,2013-06-30,1,0.0027665498690831827,reported,reported,endpoint,
798941,FIRST CITIZENS BANCSHARES INC /DE/,2013-09-30,1,0.0024752698539710284,reported,reported,endpoint,
798941,FIRST CITIZENS BANCSHARES INC /DE/,2013-12-31,1,0.002289721591279257,reported,reported,endpoint,
798941,FIRST CITIZENS BANCSHARES INC /DE/,2014-03-31,1,0.0021189132567363007,reported,reported,endpoint,
798941,FIRST CITIZENS BANCSHARES INC /DE/,2014-06-30,1,0.0018539101943954946,reported,reported,endpoint,
798941,FIRST CITIZENS BANCSHARES INC /DE/,2014-09-30,1,0.0018002184457601134,reported,reported,endpoint,
798941,FIRST CITIZENS BANCSHARES INC /DE/,2014-12-31,1,0.0016586882752467438,reported,reported,endpoint,
798941,FIRST CITIZENS BANCSHARES INC /DE/,2015-03-31,1,0.0012717875016828618,reported,reported,endpoint,
798941,FIRST CITIZENS BANCSHARES INC /DE/,2015-06-30,1,0.00125209009279189,reported,reported,endpoint,
798941,FIRST CITIZENS BANCSHARES INC /DE/,2015-09-30,1,0.0011891813451964204,reported,reported,endpoint,
798941,FIRST CITIZENS BANCSHARES INC /DE/,2015-12-31,1,0.0011023706280379425,reported,reported,endpoint,
798941,FIRST CITIZENS BANCSHARES INC /DE/,2016-03-31,1,0.0010540697451298835,reported,reported,endpoint,
798941,FIRST CITIZENS BANCSHARES INC /DE/,2016-06-30,1,0.0010462271640911006,reported,reported,endpoint,
798941,FIRST CITIZENS BANCSHARES INC /DE/,2016-09-30,1,0.0010141811572274616,reported,reported,endpoint,
798941,FIRST CITIZENS BANCSHARES INC /DE/,2016-12-31,1,0.0009973572664726856,reported,reported,endpoint,
798941,FIRST CITIZENS BANCSHARES INC /DE/,2017-03-31,1,0.0009793589233719254,reported,reported,endpoint,
798941,FIRST CITIZENS BANCSHARES INC /DE/,2017-06-30,1,0.0009059935242950759,reported,reported,endpoint,
798941,FIRST CITIZENS BANCSHARES INC /DE/,2017-09-30,1,0.0008500021573869552,reported,reported,endpoint,
798941,FIRST CITIZENS BANCSHARES INC /DE/,2017-12-31,1,0.0008448203859239412,reported,reported,endpoint,
798941,FIRST CITIZENS BANCSHARES INC /DE/,2018-03-31,1,0.0008347268597479973,reported,reported,endpoint,
798941,FIRST CITIZENS BANCSHARES INC /DE/,2018-06-30,1,0.0009992355163135392,reported,reported,endpoint,
798941,FIRST CITIZENS BANCSHARES INC /DE/,2018-09-30,1,0.0011381326398839534,reported,reported,endpoint,
798941,FIRST CITIZENS BANCSHARES INC /DE/,2018-12-31,1,0.001972500449971902,reported,reported,endpoint,
798941,FIRST CITIZENS BANCSHARES INC /DE/,2019-03-31,1,0.002749410610787225,reported,reported,endpoint,
798941,FIRST CITIZENS BANCSHARES INC /DE/,2019-06-30,1,0.003971551826919282,reported,reported,endpoint,
798941,FIRST CITIZENS BANCSHARES INC /DE/,2019-09-30,1,0.0043973468241676255,reported,reported,endpoint,
798941,FIRST CITIZENS BANCSHARES INC /DE/,2019-12-31,1,0.00434739352484387,reported,reported,endpoint,
798941,FIRST CITIZENS BANCSHARES INC /DE/,2020-03-31,1,0.004484272621774778,reported,reported,endpoint,
798941,FIRST CITIZENS BANCSHARES INC /DE/,2020-06-30,1,0.003185934231957298,reported,reported,endpoint,
798941,FIRST CITIZENS BANCSHARES INC /DE/,2020-09-30,1,0.002275681166727608,reported,reported,endpoint,
798941,FIRST CITIZENS BANCSHARES INC /DE/,2020-12-31,1,0.0018484584126695139,reported,reported,endpoint,
798941,FIRST CITIZENS BANCSHARES INC /DE/,2021-03-31,1,0.0013784274382873728,reported,reported,endpoint,
798941,FIRST CITIZENS BANCSHARES INC /DE/,2021-06-30,1,0.001179672618729441,reported,reported,endpoint,
798941,FIRST CITIZENS BANCSHARES INC /DE/,2021-09-30,1,0.0011431053600210331,reported,reported,endpoint,
798941,FIRST CITIZENS BANCSHARES INC /DE/,2021-12-31,1,0.0010930388709386668,reported,reported,endpoint,
798941,FIRST CITIZENS BANCSHARES INC /DE/,2022-03-31,1,0.0032601880877742946,reported,reported,endpoint,
798941,FIRST CITIZENS BANCSHARES INC /DE/,2022-06-30,1,0.0026171689398129037,reported,reported,endpoint,
798941,FIRST CITIZENS BANCSHARES INC /DE/,2022-09-30,1,0.005046502224019409,reported,reported,endpoint,
798941,FIRST CITIZENS BANCSHARES INC /DE/,2022-12-31,1,0.011223416127283743,reported,reported,endpoint,
798941,FIRST CITIZENS BANCSHARES INC /DE/,2023-03-31,1,0.015371579923542402,reported,reported,endpoint,
798941,FIRST CITIZENS BANCSHARES INC /DE/,2023-06-30,1,0.025272225823819622,reported,reported,endpoint,
798941,FIRST CITIZENS BANCSHARES INC /DE/,2023-09-30,1,0.030804821014576208,reported,reported,endpoint,
798941,FIRST CITIZENS BANCSHARES INC /DE/,2023-12-31,1,0.03308677628653531,reported,reported,endpoint,
798941,FIRST CITIZENS BANCSHARES INC /DE/,2024-03-31,1,0.0343087417047156,reported,reported,endpoint,
798941,FIRST CITIZENS BANCSHARES INC /DE/,2024-06-30,1,0.03523098881641945,reported,reported,endpoint,
798941,FIRST CITIZENS BANCSHARES INC /DE/,2024-09-30,1,0.03597905402681407,reported,reported,endpoint,
798941,FIRST CITIZENS BANCSHARES INC /DE/,2024-12-31,1,0.03346534134123633,reported,reported,endpoint,
798941,FIRST CITIZENS BANCSHARES INC /DE/,2025-03-31,1,0.030380091344395586,reported,reported,endpoint,
798941,FIRST CITIZENS BANCSHARES INC /DE/,2025-06-30,1,0.03009923657696937,reported,reported,endpoint,
798941,FIRST CITIZENS BANCSHARES INC /DE/,2025-09-30,1,0.03043082498935255,reported,reported,endpoint,
798941,FIRST CITIZENS BANCSHARES INC /DE/,2025-12-31,1,0.028537928348586983,reported,reported,endpoint,
798941,FIRST CITIZENS BANCSHARES INC /DE/,2026-03-31,1,0.026853534600521436,reported,reported,endpoint,
798941,FIRST CITIZENS BANCSHARES INC /DE/,2026-06-30,1,0.02729793793669729,reported,reported,endpoint,
719739,SVB FINANCIAL GROUP,2009-12-31,1,0.004059560386208702,reported,derived_residual,closing_only,
719739,SVB FINANCIAL GROUP,2010-06-30,1,0.0031347854380420846,reported,derived_residual,closing_only,
719739,SVB FINANCIAL GROUP,2010-09-30,1,0.0030569162781296853,reported,derived_residual,endpoint,
719739,SVB FINANCIAL GROUP,2010-12-31,1,0.0026919911804834137,reported,reported,endpoint,
719739,SVB FINANCIAL GROUP,2011-03-31,1,0.002231600614642462,reported,derived_residual,endpoint,
719739,SVB FINANCIAL GROUP,2011-06-30,1,0.0017957658451862475,reported,reported,endpoint,
719739,SVB FINANCIAL GROUP,2011-09-30,1,0.001297893524485679,reported,reported,endpoint,
719739,SVB FINANCIAL GROUP,2011-12-31,1,0.0012076431679094277,reported,reported,endpoint,
719739,SVB FINANCIAL GROUP,2012-03-31,1,0.0012180616083389106,reported,reported,endpoint,
719739,SVB FINANCIAL GROUP,2012-06-30,1,0.0012776765602160493,reported,reported,endpoint,
719739,SVB FINANCIAL GROUP,2012-09-30,1,0.00134453924369088,reported,reported,endpoint,
719739,SVB FINANCIAL GROUP,2012-12-31,1,0.0014001298860217553,reported,reported,endpoint,
719739,SVB FINANCIAL GROUP,2013-03-31,1,0.0015519511093783135,reported,reported,endpoint,
719739,SVB FINANCIAL GROUP,2013-06-30,1,0.0015519401717759582,reported,reported,endpoint,
719739,SVB FINANCIAL GROUP,2013-09-30,1,0.0016868730470569492,reported,reported,endpoint,
719739,SVB FINANCIAL GROUP,2013-12-31,1,0.0016648112628491593,reported,reported,endpoint,
719739,SVB FINANCIAL GROUP,2014-03-31,1,0.0016907442957393565,reported,reported,endpoint,
719739,SVB FINANCIAL GROUP,2014-06-30,1,0.0016063801776455941,reported,reported,endpoint,
719739,SVB FINANCIAL GROUP,2014-09-30,1,0.0014117592368823888,reported,reported,endpoint,
719739,SVB FINANCIAL GROUP,2014-12-31,1,0.0013814005125642958,reported,reported,endpoint,
719739,SVB FINANCIAL GROUP,2015-03-31,1,0.0008686319371106901,reported,reported,endpoint,
719739,SVB FINANCIAL GROUP,2015-06-30,1,0.000589995753478111,reported,reported,endpoint,
719739,SVB FINANCIAL GROUP,2015-09-30,1,0.0005689474453835939,reported,reported,endpoint,
719739,SVB FINANCIAL GROUP,2015-12-31,1,0.0005587513012478959,reported,reported,endpoint,
719739,SVB FINANCIAL GROUP,2016-03-31,1,0.0005902466217324036,reported,reported,endpoint,
719739,SVB FINANCIAL GROUP,2016-06-30,1,0.0006665264635386305,reported,reported,endpoint,
719739,SVB FINANCIAL GROUP,2016-09-30,1,0.0008487016523419466,reported,reported,endpoint,
719739,SVB FINANCIAL GROUP,2016-12-31,1,0.0009188941106554371,reported,reported,endpoint,
719739,SVB FINANCIAL GROUP,2017-03-31,1,0.0009475601739686264,reported,reported,endpoint,
719739,SVB FINANCIAL GROUP,2017-06-30,1,0.0011787519366982847,reported,reported,endpoint,
719739,SVB FINANCIAL GROUP,2017-09-30,1,0.0011993025930494064,reported,reported,endpoint,
719739,SVB FINANCIAL GROUP,2017-12-31,1,0.001264680591616346,reported,reported,endpoint,
719739,SVB FINANCIAL GROUP,2018-03-31,1,0.0020459738616476967,reported,reported,endpoint,
719739,SVB FINANCIAL GROUP,2018-06-30,1,0.003000866877213932,reported,reported,endpoint,
719739,SVB FINANCIAL GROUP,2018-09-30,1,0.003919024532279748,reported,reported,endpoint,
719739,SVB FINANCIAL GROUP,2018-12-31,1,0.004751301449246136,reported,reported,endpoint,
719739,SVB FINANCIAL GROUP,2019-03-31,1,0.009592521909569074,reported,reported,endpoint,
719739,SVB FINANCIAL GROUP,2019-06-30,1,0.012861632835434931,reported,reported,endpoint,
719739,SVB FINANCIAL GROUP,2019-09-30,1,0.012474012356359688,reported,reported,endpoint,
719739,SVB FINANCIAL GROUP,2019-12-31,1,0.009572545003625824,reported,reported,endpoint,
719739,SVB FINANCIAL GROUP,2020-03-31,1,0.007493464032479693,reported,reported,endpoint,
719739,SVB FINANCIAL GROUP,2020-06-30,1,0.0010821866419795845,reported,reported,endpoint,
719739,SVB FINANCIAL GROUP,2020-09-30,1,0.0012165062795008712,reported,reported,endpoint,
719739,SVB FINANCIAL GROUP,2020-12-31,1,0.0011478166033297744,reported,reported,endpoint,
719739,SVB FINANCIAL GROUP,2021-03-31,1,0.0010642103414932593,reported,reported,endpoint,
719739,SVB FINANCIAL GROUP,2021-06-30,1,0.0011389371787047838,reported,reported,endpoint,
719739,SVB FINANCIAL GROUP,2021-09-30,1,0.0015143514690205532,reported,reported,endpoint,
719739,SVB FINANCIAL GROUP,2021-12-31,1,0.0014100347472848437,reported,reported,endpoint,
719739,SVB FINANCIAL GROUP,2022-03-31,1,0.0013184606971360937,reported,reported,endpoint,
719739,SVB FINANCIAL GROUP,2022-06-30,1,0.004274423542636681,reported,reported,endpoint,
719739,SVB FINANCIAL GROUP,2022-09-30,1,0.012703514511469513,reported,reported,endpoint,
719739,SVB FINANCIAL GROUP,2022-12-31,1,0.023472061283086074,reported,reported,endpoint,
36270,M&T BANK CORP,2008-12-31,3,0.013181760249807526,summed_components,reported,closing_only,1.0
36270,M&T BANK CORP,2009-06-30,3,0.0070907085355063825,summed_components,reported,closing_only,1.0
36270,M&T BANK CORP,2009-09-30,3,0.006275723082299929,summed_components,reported,closing_only,1.0
36270,M&T BANK CORP,2009-12-31,3,0.005253547967856076,summed_components,reported,closing_only,1.0
36270,M&T BANK CORP,2010-03-31,3,0.004242464592575203,summed_components,reported,closing_only,1.0
36270,M&T BANK CORP,2010-06-30,3,0.004066522271023024,summed_components,reported,closing_only,1.0
36270,M&T BANK CORP,2010-09-30,3,0.0037238804624999356,summed_components,reported,closing_only,1.0
36270,M&T BANK CORP,2010-12-31,3,0.003506134007789214,summed_components,reported,closing_only,1.0
36270,M&T BANK CORP,2011-03-31,3,0.003078731012218679,summed_components,reported,closing_only,1.0
36270,M&T BANK CORP,2011-06-30,3,0.002737432869910567,summed_components,reported,closing_only,1.0
36270,M&T BANK CORP,2011-09-30,3,0.002749721434355974,summed_components,reported,closing_only,1.0
36270,M&T BANK CORP,2011-12-31,3,0.0024988783080442147,summed_components,reported,closing_only,1.0
36270,M&T BANK CORP,2012-03-31,3,0.0021137051283173103,summed_components,reported,closing_only,1.0
36270,M&T BANK CORP,2012-06-30,3,0.0019153043158760806,summed_components,reported,closing_only,1.0
36270,M&T BANK CORP,2012-09-30,3,0.0017508014481732682,summed_components,reported,closing_only,1.0
36270,M&T BANK CORP,2012-12-31,3,0.0016114308928073665,summed_components,reported,closing_only,1.0
36270,M&T BANK CORP,2013-03-31,3,0.0014099306548010357,summed_components,reported,closing_only,1.0
36270,M&T BANK CORP,2013-06-30,3,0.0013277192849931627,summed_components,reported,closing_only,1.0
36270,M&T BANK CORP,2013-09-30,3,0.0012265871356415116,summed_components,reported,closing_only,1.0
36270,M&T BANK CORP,2013-12-31,3,0.0011052671947387707,summed_components,reported,closing_only,1.0
36270,M&T BANK CORP,2014-03-31,3,0.000934273541913036,summed_components,reported,closing_only,1.0
36270,M&T BANK CORP,2014-06-30,3,0.0008905722966684952,summed_components,reported,closing_only,1.0
36270,M&T BANK CORP,2014-09-30,3,0.0008550809210177109,summed_components,reported,closing_only,1.0
36270,M&T BANK CORP,2014-12-31,3,0.0008479241534617144,summed_components,reported,closing_only,1.0
36270,M&T BANK CORP,2015-03-31,3,0.0008004987354968033,summed_components,reported,closing_only,1.0215717555663453
36270,M&T BANK CORP,2015-06-30,3,0.0008205467799576368,summed_components,reported,closing_only,1.0239862542955327
36270,M&T BANK CORP,2015-09-30,3,0.0008472737981235965,summed_components,reported,closing_only,1.0238552779802532
36270,M&T BANK CORP,2015-12-31,3,0.0012943322581920992,summed_components,reported,closing_only,1.0
36270,M&T BANK CORP,2016-03-31,3,0.0017330651681752513,summed_components,reported,closing_only,1.0
36270,M&T BANK CORP,2016-06-30,3,0.0020108588788329156,summed_components,reported,closing_only,1.0
36270,M&T BANK CORP,2016-09-30,3,0.002125888599740495,summed_components,reported,closing_only,1.0
36270,M&T BANK CORP,2016-12-31,X,0.00099095845436634,summed_components,reported,endpoint,0.47230372368706064
36270,M&T BANK CORP,2017-03-31,X,0.0008003889259442204,summed_components,reported,endpoint,0.42904871149520013
36270,M&T BANK CORP,2017-06-30,X,0.0006961359642444101,summed_components,reported,endpoint,0.3519001846075498
36270,M&T BANK CORP,2017-09-30,X,0.00061167255197101,summed_components,reported,endpoint,0.2749538603506613
36270,M&T BANK CORP,2017-12-31,X,0.0005395988553401112,summed_components,reported,endpoint,0.24199274523423633
36270,M&T BANK CORP,2018-03-31,X,0.0004937103517366699,summed_components,reported,endpoint,0.21828948383612376
36270,M&T BANK CORP,2018-06-30,X,0.0005284231119014178,summed_components,reported,endpoint,0.19629959434055605
36270,M&T BANK CORP,2018-09-30,X,0.0006516117683452904,summed_components,reported,endpoint,0.2055794477138977
36270,M&T BANK CORP,2018-12-31,X,0.0008612750216724245,summed_components,reported,endpoint,0.2161759600416606
36270,M&T BANK CORP,2019-03-31,X,0.0011435321148819053,summed_components,reported,endpoint,0.2532342065772826
36270,M&T BANK CORP,2019-06-30,X,0.0013601918595196308,summed_components,reported,endpoint,0.25276061602748784
36270,M&T BANK CORP,2019-09-30,X,0.0013565248445117284,summed_components,reported,endpoint,0.23221748119473892
36270,M&T BANK CORP,2019-12-31,X,0.0012167428407159862,summed_components,reported,endpoint,0.23203496593392467
36270,M&T BANK CORP,2020-03-31,X,0.0010378276237810438,summed_components,reported,endpoint,0.24484718228727986
36270,M&T BANK CORP,2020-06-30,X,0.0007452988877820553,summed_components,reported,endpoint,0.43107230418512626
36270,M&T BANK CORP,2020-09-30,X,0.0005130983965509984,summed_components,reported,endpoint,0.39716922745741734
36270,M&T BANK CORP,2020-12-31,X,0.00034860757443414567,summed_components,reported,endpoint,0.34038097137728135
36270,M&T BANK CORP,2021-03-31,X,0.00023183306128190802,summed_components,reported,endpoint,0.3847799347558693
36270,M&T BANK CORP,2021-06-30,X,0.0001589124548832253,summed_components,reported,endpoint,0.38777372262773724
36270,M&T BANK CORP,2021-09-30,X,0.00011123474505209688,summed_components,reported,endpoint,0.33793625271919037
36270,M&T BANK CORP,2021-12-31,X,0.00010245741599238301,summed_components,reported,endpoint,0.3483122583342042
36270,M&T BANK CORP,2022-03-31,X,4.3340991353511e-05,summed_components,reported,endpoint,0.17153732809430255
36270,M&T BANK CORP,2022-06-30,X,3.308647584266436e-05,summed_components,reported,endpoint,0.04211574105855701
36270,M&T BANK CORP,2022-09-30,X,2.6905739642971847e-05,summed_components,reported,endpoint,0.016099922651617155
36270,M&T BANK CORP,2022-12-31,X,0.0004949163244515705,summed_components,reported,endpoint,0.10777614577346362
36270,M&T BANK CORP,2023-03-31,X,0.002207134350995864,summed_components,reported,endpoint,0.24316939890710382
36270,M&T BANK CORP,2023-06-30,X,0.0037367622860540106,summed_components,reported,endpoint,0.28901734104046245
36270,M&T BANK CORP,2023-09-30,X,0.004954225728755338,summed_components,reported,endpoint,0.2902252981633911
36270,M&T BANK CORP,2023-12-31,X,0.00562000563423891,summed_components,reported,endpoint,0.27519467031678496
36270,M&T BANK CORP,2024-03-31,X,0.005446787908130844,summed_components,reported,endpoint,0.26785714285714285
36270,M&T BANK CORP,2024-06-30,X,0.005307148141581016,summed_components,reported,endpoint,0.25988023952095807
36270,M&T BANK CORP,2024-09-30,3,0.004375463373725343,summed_components,reported,closing_only,
36270,M&T BANK CORP,2024-12-31,3,0.003947981004997051,summed_components,reported,closing_only,
36270,M&T BANK CORP,2025-03-31,3,0.002998627644203157,summed_components,reported,closing_only,
36270,M&T BANK CORP,2025-06-30,3,0.002991736240749637,summed_components,reported,closing_only,
36270,M&T BANK CORP,2025-09-30,3,0.0029126332407328087,summed_components,reported,closing_only,
36270,M&T BANK CORP,2025-12-31,3,0.0026122018584977444,summed_components,reported,closing_only,
36270,M&T BANK CORP,2026-03-31,3,0.002369595886186111,summed_components,reported,closing_only,
36270,M&T BANK CORP,2026-06-30,3,0.00246321461349439,summed_components,reported,closing_only,
83246,HSBC USA INC /MD/,2010-12-31,1,0.005274633994393106,reported,summed_components,closing_only,
83246,HSBC USA INC /MD/,2011-06-30,1,0.002474799874356314,reported,summed_components,closing_only,
83246,HSBC USA INC /MD/,2011-09-30,1,0.0024931098623920222,reported,summed_components,endpoint,
83246,HSBC USA INC /MD/,2011-12-31,1,0.00217404193924541,reported,summed_components,endpoint,
83246,HSBC USA INC /MD/,2012-03-31,1,0.0029829217915192784,reported,summed_components,endpoint,
83246,HSBC USA INC /MD/,2012-06-30,1,0.003593073821815242,reported,summed_components,endpoint,
83246,HSBC USA INC /MD/,2012-09-30,1,0.0037372954742263343,reported,summed_components,endpoint,
83246,HSBC USA INC /MD/,2012-12-31,1,0.003384251639971257,reported,summed_components,endpoint,
83246,HSBC USA INC /MD/,2013-03-31,1,0.0020304089149117007,reported,summed_components,endpoint,
83246,HSBC USA INC /MD/,2013-06-30,1,0.0027203283824976015,reported,summed_components,endpoint,
83246,HSBC USA INC /MD/,2013-09-30,1,0.0024041772579857503,reported,summed_components,endpoint,
83246,HSBC USA INC /MD/,2013-12-31,1,0.0018333395270479517,reported,summed_components,endpoint,
83246,HSBC USA INC /MD/,2014-03-31,1,0.0017778455052255959,reported,summed_components,endpoint,
83246,HSBC USA INC /MD/,2014-06-30,1,0.001824886895030985,reported,summed_components,endpoint,
83246,HSBC USA INC /MD/,2014-09-30,1,0.0018643437950733456,reported,summed_components,endpoint,
83246,HSBC USA INC /MD/,2014-12-31,1,0.0018219757357150331,reported,summed_components,endpoint,
83246,HSBC USA INC /MD/,2015-03-31,1,0.002124662247985035,reported,summed_components,endpoint,
83246,HSBC USA INC /MD/,2015-06-30,1,0.0024200053777897286,reported,summed_components,endpoint,
83246,HSBC USA INC /MD/,2015-09-30,1,0.00328344207070061,reported,summed_components,endpoint,
83246,HSBC USA INC /MD/,2015-12-31,1,0.003591402269506615,reported,summed_components,endpoint,
83246,HSBC USA INC /MD/,2016-03-31,1,0.004576434630534625,reported,summed_components,endpoint,
83246,HSBC USA INC /MD/,2016-06-30,1,0.004790566269500062,reported,summed_components,endpoint,
83246,HSBC USA INC /MD/,2016-09-30,1,0.004875368400019981,reported,summed_components,endpoint,
83246,HSBC USA INC /MD/,2016-12-31,1,0.004915977422184339,reported,summed_components,endpoint,
83246,HSBC USA INC /MD/,2017-03-31,1,0.005955660110477495,reported,summed_components,endpoint,
83246,HSBC USA INC /MD/,2017-06-30,1,0.0071247516613002675,reported,summed_components,endpoint,
83246,HSBC USA INC /MD/,2017-09-30,1,0.008233381324895577,reported,summed_components,endpoint,
83246,HSBC USA INC /MD/,2017-12-31,1,0.008597528210639442,reported,summed_components,endpoint,
83246,HSBC USA INC /MD/,2018-03-31,1,0.009907839243076786,reported,summed_components,endpoint,
83246,HSBC USA INC /MD/,2018-06-30,1,0.011631117748161507,reported,summed_components,endpoint,
83246,HSBC USA INC /MD/,2018-09-30,1,0.013032916172559495,reported,summed_components,endpoint,
83246,HSBC USA INC /MD/,2018-12-31,1,0.014450985321025832,reported,summed_components,endpoint,
83246,HSBC USA INC /MD/,2019-03-31,1,0.015095622609434764,reported,summed_components,endpoint,
83246,HSBC USA INC /MD/,2019-06-30,1,0.016404057845888192,reported,summed_components,endpoint,
83246,HSBC USA INC /MD/,2019-09-30,1,0.017114632381471734,reported,summed_components,endpoint,
83246,HSBC USA INC /MD/,2019-12-31,1,0.01473549474735807,reported,summed_components,endpoint,
83246,HSBC USA INC /MD/,2020-03-31,1,0.012607207906015425,reported,summed_components,endpoint,
83246,HSBC USA INC /MD/,2020-06-30,1,0.006860328009432951,reported,summed_components,endpoint,
83246,HSBC USA INC /MD/,2020-09-30,1,0.00447060576708144,reported,summed_components,endpoint,
83246,HSBC USA INC /MD/,2020-12-31,1,0.0034533277521975724,reported,summed_components,endpoint,
83246,HSBC USA INC /MD/,2021-03-31,1,0.0028870058007431365,reported,summed_components,endpoint,
83246,HSBC USA INC /MD/,2021-06-30,1,0.002602668678391249,reported,summed_components,endpoint,
83246,HSBC USA INC /MD/,2021-09-30,1,0.0023978778780779013,reported,summed_components,endpoint,
83246,HSBC USA INC /MD/,2021-12-31,1,0.0023533297551711326,reported,summed_components,endpoint,
83246,HSBC USA INC /MD/,2022-03-31,1,0.002489110143123833,reported,summed_components,endpoint,
83246,HSBC USA INC /MD/,2022-06-30,1,0.005819153636432212,reported,summed_components,endpoint,
83246,HSBC USA INC /MD/,2022-09-30,1,0.014808099123602297,reported,summed_components,endpoint,
83246,HSBC USA INC /MD/,2022-12-31,1,0.02584313218762114,reported,summed_components,endpoint,
83246,HSBC USA INC /MD/,2023-03-31,1,0.03280716029292107,reported,summed_components,endpoint,
83246,HSBC USA INC /MD/,2023-06-30,1,0.03772970508743175,reported,summed_components,endpoint,
83246,HSBC USA INC /MD/,2023-09-30,1,0.040801319424747615,reported,summed_components,endpoint,
83246,HSBC USA INC /MD/,2023-12-31,1,0.04329053224970094,reported,summed_components,endpoint,
83246,HSBC USA INC /MD/,2024-03-31,1,0.041452262824549814,reported,summed_components,endpoint,
83246,HSBC USA INC /MD/,2024-06-30,1,0.042338195217049596,reported,summed_components,endpoint,
83246,HSBC USA INC /MD/,2024-09-30,1,0.041852974422070845,reported,summed_components,endpoint,
83246,HSBC USA INC /MD/,2024-12-31,1,0.03836138706285804,reported,summed_components,endpoint,
83246,HSBC USA INC /MD/,2025-03-31,1,0.036006168080185044,reported,summed_components,endpoint,
83246,HSBC USA INC /MD/,2025-06-30,1,0.03434683365127277,reported,summed_components,endpoint,
83246,HSBC USA INC /MD/,2025-09-30,1,0.03482888355880235,reported,summed_components,endpoint,
83246,HSBC USA INC /MD/,2025-12-31,1,0.03234050823575142,reported,summed_components,endpoint,
83246,HSBC USA INC /MD/,2026-03-31,1,0.030074443162175148,reported,summed_components,endpoint,
83246,HSBC USA INC /MD/,2026-06-30,1,0.031104230437567132,reported,summed_components,endpoint,
40729,ALLY FINANCIAL INC.,2010-12-31,1,0.010293360782295419,reported,reported,closing_only,
40729,ALLY FINANCIAL INC.,2011-06-30,1,0.017161351832802266,reported,reported,closing_only,
40729,ALLY FINANCIAL INC.,2011-09-30,1,0.01757508069563937,reported,reported,endpoint,
40729,ALLY FINANCIAL INC.,2011-12-31,1,0.009356946233002138,reported,reported,endpoint,
40729,ALLY FINANCIAL INC.,2012-03-31,1,0.014832846109221616,reported,reported,endpoint,
40729,ALLY FINANCIAL INC.,2012-06-30,1,0.014147867319531795,reported,reported,endpoint,
40729,ALLY FINANCIAL INC.,2012-09-30,1,0.013596368564851666,reported,reported,endpoint,
40729,ALLY FINANCIAL INC.,2012-12-31,1,0.014058699356000128,reported,reported,endpoint,
40729,ALLY FINANCIAL INC.,2013-03-31,1,0.013749738000419199,reported,reported,endpoint,
40729,ALLY FINANCIAL INC.,2013-06-30,1,0.013020545536745868,reported,reported,endpoint,
40729,ALLY FINANCIAL INC.,2013-09-30,1,0.012782058068184046,reported,reported,endpoint,
40729,ALLY FINANCIAL INC.,2013-12-31,1,0.012540971925324213,reported,reported,endpoint,
40729,ALLY FINANCIAL INC.,2014-03-31,1,0.01200891459304146,reported,reported,endpoint,
40729,ALLY FINANCIAL INC.,2014-06-30,1,0.011930429782952423,reported,reported,endpoint,
40729,ALLY FINANCIAL INC.,2014-09-30,1,0.011773675904746707,reported,reported,endpoint,
40729,ALLY FINANCIAL INC.,2014-12-31,1,0.011765013009389385,reported,reported,endpoint,
40729,ALLY FINANCIAL INC.,2015-03-31,1,0.011569344599991592,reported,reported,endpoint,
40729,ALLY FINANCIAL INC.,2015-06-30,1,0.011544670373571184,reported,reported,endpoint,
40729,ALLY FINANCIAL INC.,2015-09-30,1,0.011509601933104413,reported,reported,endpoint,
40729,ALLY FINANCIAL INC.,2015-12-31,1,0.011539140241984365,reported,reported,endpoint,
40729,ALLY FINANCIAL INC.,2016-03-31,1,0.011306219885473265,reported,reported,endpoint,
40729,ALLY FINANCIAL INC.,2016-06-30,1,0.011366101860989214,reported,reported,endpoint,
40729,ALLY FINANCIAL INC.,2016-09-30,1,0.011432346259883654,reported,reported,endpoint,
40729,ALLY FINANCIAL INC.,2016-12-31,1,0.011489122207774564,reported,reported,endpoint,
40729,ALLY FINANCIAL INC.,2017-03-31,1,0.011315070841650237,reported,reported,endpoint,
40729,ALLY FINANCIAL INC.,2017-06-30,1,0.011732957878681215,reported,reported,endpoint,
40729,ALLY FINANCIAL INC.,2017-09-30,1,0.01294990997540653,reported,reported,endpoint,
40729,ALLY FINANCIAL INC.,2017-12-31,1,0.013585606246757856,reported,reported,endpoint,
40729,ALLY FINANCIAL INC.,2018-03-31,1,0.014742324331135285,reported,reported,endpoint,
40729,ALLY FINANCIAL INC.,2018-06-30,1,0.01629361169954825,reported,reported,endpoint,
40729,ALLY FINANCIAL INC.,2018-09-30,1,0.018500350385423966,reported,reported,endpoint,
40729,ALLY FINANCIAL INC.,2018-12-31,1,0.020189639780925035,reported,reported,endpoint,
40729,ALLY FINANCIAL INC.,2019-03-31,1,0.021606430832960755,reported,reported,endpoint,
40729,ALLY FINANCIAL INC.,2019-06-30,1,0.022710523676418643,reported,reported,endpoint,
40729,ALLY FINANCIAL INC.,2019-09-30,1,0.02237743212164753,reported,reported,endpoint,
40729,ALLY FINANCIAL INC.,2019-12-31,1,0.02125928738000976,reported,reported,endpoint,
40729,ALLY FINANCIAL INC.,2020-03-31,1,0.019504320108064476,reported,reported,endpoint,
40729,ALLY FINANCIAL INC.,2020-06-30,1,0.01710083884197924,reported,reported,endpoint,
40729,ALLY FINANCIAL INC.,2020-09-30,1,0.013610307097609539,reported,reported,endpoint,
40729,ALLY FINANCIAL INC.,2020-12-31,1,0.010806553129152296,reported,reported,endpoint,
40729,ALLY FINANCIAL INC.,2021-03-31,1,0.00885871649935948,reported,reported,endpoint,
40729,ALLY FINANCIAL INC.,2021-06-30,1,0.007701564380264741,reported,reported,endpoint,
40729,ALLY FINANCIAL INC.,2021-09-30,1,0.007044480864889732,reported,reported,endpoint,
40729,ALLY FINANCIAL INC.,2021-12-31,1,0.006441384470135561,reported,reported,endpoint,
40729,ALLY FINANCIAL INC.,2022-03-31,1,0.0059497793505999125,reported,reported,endpoint,
40729,ALLY FINANCIAL INC.,2022-06-30,1,0.007447365812909711,reported,reported,endpoint,
40729,ALLY FINANCIAL INC.,2022-09-30,1,0.0158741824061145,reported,reported,endpoint,
40729,ALLY FINANCIAL INC.,2022-12-31,1,0.025426433680617384,reported,reported,endpoint,
40729,ALLY FINANCIAL INC.,2023-03-31,1,0.03182208915806779,reported,reported,endpoint,
40729,ALLY FINANCIAL INC.,2023-06-30,1,0.036832484277035865,reported,reported,endpoint,
40729,ALLY FINANCIAL INC.,2023-09-30,1,0.040756591492094124,reported,reported,endpoint,
40729,ALLY FINANCIAL INC.,2023-12-31,1,0.042217114729762285,reported,reported,endpoint,
40729,ALLY FINANCIAL INC.,2024-03-31,1,0.04267886801476053,reported,reported,endpoint,
40729,ALLY FINANCIAL INC.,2024-06-30,1,0.04154490218117252,reported,reported,endpoint,
40729,ALLY FINANCIAL INC.,2024-09-30,1,0.042557954268633916,reported,reported,endpoint,
40729,ALLY FINANCIAL INC.,2024-12-31,1,0.040287712841213776,reported,reported,endpoint,
40729,ALLY FINANCIAL INC.,2025-03-31,1,0.037074962508836025,reported,reported,endpoint,
40729,ALLY FINANCIAL INC.,2025-06-30,1,0.03555781489334662,reported,reported,endpoint,
40729,ALLY FINANCIAL INC.,2025-09-30,1,0.035195491084552305,reported,reported,endpoint,
40729,ALLY FINANCIAL INC.,2025-12-31,1,0.03384040565785962,reported,reported,endpoint,
40729,ALLY FINANCIAL INC.,2026-03-31,1,0.032389940204702844,reported,reported,endpoint,
40729,ALLY FINANCIAL INC.,2026-06-30,1,0.031279732036962216,reported,reported,endpoint,
91576,KEYCORP /NEW/,2008-06-30,1,0.02578248351444228,reported,summed_components,closing_only,
91576,KEYCORP /NEW/,2008-12-31,1,0.025736866573686658,reported,summed_components,closing_only,
91576,KEYCORP /NEW/,2009-03-31,1,0.022219959078242032,reported,summed_components,endpoint,
91576,KEYCORP /NEW/,2009-06-30,1,0.02169630668022686,reported,summed_components,endpoint,
91576,KEYCORP /NEW/,2009-09-30,1,0.020417376883033123,reported,summed_components,endpoint,
91576,KEYCORP /NEW/,2009-12-31,1,0.018781493357764543,reported,summed_components,endpoint,
91576,KEYCORP /NEW/,2010-03-31,1,0.01680189417580567,reported,summed_components,endpoint,
91576,KEYCORP /NEW/,2010-06-30,1,0.015515711721377431,reported,summed_components,endpoint,
91576,KEYCORP /NEW/,2010-09-30,1,0.012742166168248602,reported,summed_components,endpoint,
91576,KEYCORP /NEW/,2010-12-31,1,0.011133557800224467,reported,summed_components,endpoint,
91576,KEYCORP /NEW/,2011-03-31,1,0.009969186151894145,reported,summed_components,endpoint,
91576,KEYCORP /NEW/,2011-06-30,1,0.009366913719016006,reported,summed_components,endpoint,
91576,KEYCORP /NEW/,2011-09-30,1,0.009232152184740224,reported,summed_components,endpoint,
91576,KEYCORP /NEW/,2012-03-31,1,0.00744446861479709,reported,summed_components,endpoint,
91576,KEYCORP /NEW/,2012-06-30,1,0.006874848704914064,reported,summed_components,endpoint,
91576,KEYCORP /NEW/,2012-09-30,1,0.005822840090254021,reported,summed_components,endpoint,
91576,KEYCORP /NEW/,2012-12-31,1,0.004645870863752726,reported,summed_components,endpoint,
91576,KEYCORP /NEW/,2013-03-31,1,0.0041975654120610046,reported,summed_components,endpoint,
91576,KEYCORP /NEW/,2013-06-30,1,0.003912800447177194,reported,summed_components,endpoint,
91576,KEYCORP /NEW/,2013-09-30,1,0.003460409871520593,reported,summed_components,endpoint,
91576,KEYCORP /NEW/,2013-12-31,1,0.0031621288567509126,reported,summed_components,endpoint,
91576,KEYCORP /NEW/,2014-03-31,1,0.002932988096192844,reported,summed_components,endpoint,
91576,KEYCORP /NEW/,2014-06-30,1,0.002849264705882353,reported,summed_components,endpoint,
91576,KEYCORP /NEW/,2014-09-30,1,0.0026114226424332862,reported,summed_components,endpoint,
91576,KEYCORP /NEW/,2014-12-31,1,0.002431923675010815,reported,summed_components,endpoint,
91576,KEYCORP /NEW/,2015-03-31,1,0.00240618203692564,reported,summed_components,endpoint,
91576,KEYCORP /NEW/,2015-06-30,1,0.002371640650832925,reported,summed_components,endpoint,
91576,KEYCORP /NEW/,2015-09-30,1,0.00242377997464008,reported,summed_components,endpoint,
91576,KEYCORP /NEW/,2015-12-31,2,0.001463562226021855,reported,reported,endpoint,
91576,KEYCORP /NEW/,2016-03-31,2,0.0017171185642673166,reported,reported,endpoint,
91576,KEYCORP /NEW/,2016-06-30,2,0.001829100176857848,reported,reported,endpoint,
91576,KEYCORP /NEW/,2016-09-30,2,0.00218372235530054,reported,reported,endpoint,
91576,KEYCORP /NEW/,2016-12-31,2,0.0021894445724821385,reported,reported,endpoint,
91576,KEYCORP /NEW/,2017-03-31,2,0.0022300294613805997,reported,reported,endpoint,
91576,KEYCORP /NEW/,2017-06-30,2,0.0025531544513377464,reported,reported,endpoint,
91576,KEYCORP /NEW/,2017-09-30,2,0.002792497103269064,reported,reported,endpoint,
91576,KEYCORP /NEW/,2017-12-31,2,0.003143554037023016,reported,reported,endpoint,
91576,KEYCORP /NEW/,2018-03-31,2,0.0034668977931862125,reported,reported,endpoint,
91576,KEYCORP /NEW/,2018-06-30,2,0.004280956908537547,reported,reported,endpoint,
91576,KEYCORP /NEW/,2018-09-30,2,0.005325016165227644,reported,reported,endpoint,
91576,KEYCORP /NEW/,2018-12-31,2,0.006532481732984809,reported,reported,endpoint,
91576,KEYCORP /NEW/,2019-03-31,2,0.007499396706948079,reported,reported,endpoint,
91576,KEYCORP /NEW/,2019-06-30,2,0.008178946548016926,reported,reported,endpoint,
91576,KEYCORP /NEW/,2019-09-30,2,0.00819513075656039,reported,reported,endpoint,
91576,KEYCORP /NEW/,2019-12-31,2,0.007194019300372675,reported,reported,endpoint,
91576,KEYCORP /NEW/,2020-03-31,2,0.005951385281766399,reported,reported,endpoint,
91576,KEYCORP /NEW/,2020-06-30,2,0.0030619934055506606,reported,reported,endpoint,
91576,KEYCORP /NEW/,2020-09-30,2,0.0015867244058047668,reported,reported,endpoint,
91576,KEYCORP /NEW/,2020-12-31,2,0.0008234446454041496,reported,reported,endpoint,
91576,KEYCORP /NEW/,2021-03-31,2,0.0006054817724758078,reported,reported,endpoint,
91576,KEYCORP /NEW/,2021-06-30,2,0.00044405127404555,reported,reported,endpoint,
91576,KEYCORP /NEW/,2021-09-30,2,0.0004026805099277524,reported,reported,endpoint,
91576,KEYCORP /NEW/,2021-12-31,2,0.0003940847873419966,reported,reported,endpoint,
91576,KEYCORP /NEW/,2022-03-31,2,0.00037180274536491445,reported,reported,endpoint,
91576,KEYCORP /NEW/,2022-06-30,2,0.0005432420686657974,reported,reported,endpoint,
91576,KEYCORP /NEW/,2022-09-30,2,0.001623555310952119,reported,reported,endpoint,
91576,KEYCORP /NEW/,2022-12-31,2,0.0051765524439032875,reported,reported,endpoint,
91576,KEYCORP /NEW/,2023-03-31,2,0.009764841687504142,reported,reported,endpoint,
91576,KEYCORP /NEW/,2023-06-30,2,0.014684734513274336,reported,reported,endpoint,
91576,KEYCORP /NEW/,2023-09-30,2,0.01898950670817454,reported,reported,endpoint,
91576,KEYCORP /NEW/,2023-12-31,2,0.02080875402755642,reported,reported,endpoint,
91576,KEYCORP /NEW/,2024-03-31,2,0.021585960844392,reported,reported,endpoint,
91576,KEYCORP /NEW/,2024-06-30,2,0.02254173981120948,reported,reported,endpoint,
91576,KEYCORP /NEW/,2024-09-30,2,0.02396706217723332,reported,reported,endpoint,
91576,KEYCORP /NEW/,2024-12-31,1,0.02733659641061499,reported,reported,closing_only,
91576,KEYCORP /NEW/,2025-03-31,2,0.02004678915263713,reported,reported,endpoint,
91576,KEYCORP /NEW/,2025-06-30,2,0.019620886837207113,reported,reported,endpoint,
91576,KEYCORP /NEW/,2025-09-30,2,0.020102798400913762,reported,reported,endpoint,
91576,KEYCORP /NEW/,2025-12-31,1,0.02272502064409579,reported,reported,closing_only,
91576,KEYCORP /NEW/,2026-03-31,2,0.01613338369395133,reported,reported,endpoint,
91576,KEYCORP /NEW/,2026-06-30,2,0.015951931513040703,reported,reported,endpoint,
49196,HUNTINGTON BANCSHARES INC /MD/,2009-06-30,2,0.017983445070477486,reported,reported,closing_only,
49196,HUNTINGTON BANCSHARES INC /MD/,2009-09-30,2,0.01636505186476438,reported,reported,endpoint,
49196,HUNTINGTON BANCSHARES INC /MD/,2009-12-31,2,0.014825943219440155,reported,reported,endpoint,
49196,HUNTINGTON BANCSHARES INC /MD/,2010-03-31,2,0.01270357803866793,reported,reported,endpoint,
49196,HUNTINGTON BANCSHARES INC /MD/,2010-06-30,2,0.011460428909710945,reported,reported,endpoint,
49196,HUNTINGTON BANCSHARES INC /MD/,2010-09-30,2,0.010220353763339048,reported,reported,endpoint,
49196,HUNTINGTON BANCSHARES INC /MD/,2010-12-31,2,0.00892802737815203,reported,reported,endpoint,
49196,HUNTINGTON BANCSHARES INC /MD/,2011-03-31,2,0.007286291694036263,reported,reported,endpoint,
49196,HUNTINGTON BANCSHARES INC /MD/,2011-06-30,2,0.00660190461526573,reported,reported,endpoint,
49196,HUNTINGTON BANCSHARES INC /MD/,2011-09-30,2,0.006143550096061215,reported,reported,endpoint,
49196,HUNTINGTON BANCSHARES INC /MD/,2011-12-31,2,0.004713746294885538,reported,reported,endpoint,
49196,HUNTINGTON BANCSHARES INC /MD/,2012-03-31,2,0.003966990569981813,reported,reported,endpoint,
49196,HUNTINGTON BANCSHARES INC /MD/,2012-06-30,2,0.003670416170102315,reported,reported,endpoint,
49196,HUNTINGTON BANCSHARES INC /MD/,2012-09-30,2,0.0035234787595393928,reported,reported,endpoint,
49196,HUNTINGTON BANCSHARES INC /MD/,2012-12-31,2,0.0030726293658893083,reported,reported,endpoint,
49196,HUNTINGTON BANCSHARES INC /MD/,2013-03-31,2,0.0027521529679867093,reported,reported,endpoint,
49196,HUNTINGTON BANCSHARES INC /MD/,2013-06-30,2,0.0025400388364307074,reported,reported,endpoint,
49196,HUNTINGTON BANCSHARES INC /MD/,2013-09-30,2,0.002381601343789816,reported,reported,endpoint,
49196,HUNTINGTON BANCSHARES INC /MD/,2013-12-31,2,0.0022927420893488226,reported,reported,endpoint,
49196,HUNTINGTON BANCSHARES INC /MD/,2014-03-31,2,0.0019772140698174913,reported,reported,endpoint,
49196,HUNTINGTON BANCSHARES INC /MD/,2014-06-30,2,0.0017815741270844386,reported,reported,endpoint,
49196,HUNTINGTON BANCSHARES INC /MD/,2014-09-30,2,0.001655444117221641,reported,reported,endpoint,
49196,HUNTINGTON BANCSHARES INC /MD/,2014-12-31,2,0.0015871671383440897,reported,reported,endpoint,
49196,HUNTINGTON BANCSHARES INC /MD/,2015-03-31,2,0.0014970231964956942,reported,reported,endpoint,
49196,HUNTINGTON BANCSHARES INC /MD/,2015-06-30,2,0.0014949315030324665,reported,reported,endpoint,
49196,HUNTINGTON BANCSHARES INC /MD/,2015-09-30,2,0.0015569558594213087,reported,reported,endpoint,
49196,HUNTINGTON BANCSHARES INC /MD/,2015-12-31,2,0.0015778025298410102,reported,reported,endpoint,
49196,HUNTINGTON BANCSHARES INC /MD/,2016-03-31,2,0.001660094273167889,reported,reported,endpoint,
49196,HUNTINGTON BANCSHARES INC /MD/,2016-06-30,2,0.001613700887250864,reported,reported,endpoint,
49196,HUNTINGTON BANCSHARES INC /MD/,2016-09-30,2,0.0015844943758958618,reported,reported,endpoint,
49196,HUNTINGTON BANCSHARES INC /MD/,2016-12-31,2,0.0015907135164430631,reported,reported,endpoint,
49196,HUNTINGTON BANCSHARES INC /MD/,2017-03-31,2,0.0018297004956723988,reported,reported,endpoint,
49196,HUNTINGTON BANCSHARES INC /MD/,2017-06-30,2,0.0021909821353250595,reported,reported,endpoint,
49196,HUNTINGTON BANCSHARES INC /MD/,2017-09-30,2,0.0025910346082808457,reported,reported,endpoint,
49196,HUNTINGTON BANCSHARES INC /MD/,2017-12-31,2,0.0027783831730361667,reported,reported,endpoint,
49196,HUNTINGTON BANCSHARES INC /MD/,2018-03-31,2,0.003066857493355142,reported,reported,endpoint,
49196,HUNTINGTON BANCSHARES INC /MD/,2018-06-30,2,0.004375762300544456,reported,reported,endpoint,
49196,HUNTINGTON BANCSHARES INC /MD/,2018-09-30,2,0.005555693345569087,reported,reported,endpoint,
49196,HUNTINGTON BANCSHARES INC /MD/,2018-12-31,2,0.006343752065023459,reported,reported,endpoint,
49196,HUNTINGTON BANCSHARES INC /MD/,2019-03-31,2,0.006949062176134764,reported,reported,endpoint,
49196,HUNTINGTON BANCSHARES INC /MD/,2019-06-30,2,0.007360292448953305,reported,reported,endpoint,
49196,HUNTINGTON BANCSHARES INC /MD/,2019-09-30,2,0.0075454595564592684,reported,reported,endpoint,
49196,HUNTINGTON BANCSHARES INC /MD/,2019-12-31,2,0.006604266064512996,reported,reported,endpoint,
49196,HUNTINGTON BANCSHARES INC /MD/,2020-03-31,2,0.004965213947522418,reported,reported,endpoint,
49196,HUNTINGTON BANCSHARES INC /MD/,2020-06-30,2,0.002038543992111721,reported,reported,endpoint,
49196,HUNTINGTON BANCSHARES INC /MD/,2020-09-30,2,0.0013132463131139294,reported,reported,endpoint,
49196,HUNTINGTON BANCSHARES INC /MD/,2020-12-31,2,0.0006182316513997795,reported,reported,endpoint,
49196,HUNTINGTON BANCSHARES INC /MD/,2021-03-31,2,0.00043752361633156336,reported,reported,endpoint,
49196,HUNTINGTON BANCSHARES INC /MD/,2021-06-30,2,0.00039185432815350894,reported,reported,endpoint,
49196,HUNTINGTON BANCSHARES INC /MD/,2021-09-30,2,0.00030909403834873537,reported,reported,endpoint,
49196,HUNTINGTON BANCSHARES INC /MD/,2021-12-31,2,0.00030859759925094945,reported,reported,endpoint,
49196,HUNTINGTON BANCSHARES INC /MD/,2022-03-31,2,0.00030320989015532616,reported,reported,endpoint,
49196,HUNTINGTON BANCSHARES INC /MD/,2022-06-30,2,0.0006839945280437756,reported,reported,endpoint,
49196,HUNTINGTON BANCSHARES INC /MD/,2022-09-30,2,0.002522725091517337,reported,reported,endpoint,
49196,HUNTINGTON BANCSHARES INC /MD/,2022-12-31,2,0.006389624337671254,reported,reported,endpoint,
49196,HUNTINGTON BANCSHARES INC /MD/,2023-03-31,2,0.011078064885808618,reported,reported,endpoint,
49196,HUNTINGTON BANCSHARES INC /MD/,2023-06-30,2,0.015546903234165002,reported,reported,endpoint,
49196,HUNTINGTON BANCSHARES INC /MD/,2023-09-30,2,0.01921217939002004,reported,reported,endpoint,
49196,HUNTINGTON BANCSHARES INC /MD/,2023-12-31,2,0.021539702162967307,reported,reported,endpoint,
49196,HUNTINGTON BANCSHARES INC /MD/,2024-03-31,2,0.02251892726347079,reported,reported,endpoint,
49196,HUNTINGTON BANCSHARES INC /MD/,2024-06-30,2,0.02358969023901792,reported,reported,endpoint,
49196,HUNTINGTON BANCSHARES INC /MD/,2024-09-30,2,0.024175135425527152,reported,reported,endpoint,
49196,HUNTINGTON BANCSHARES INC /MD/,2024-12-31,2,0.021521264093716002,reported,reported,endpoint,
49196,HUNTINGTON BANCSHARES INC /MD/,2025-03-31,2,0.019769055936055647,reported,reported,endpoint,
49196,HUNTINGTON BANCSHARES INC /MD/,2025-06-30,2,0.02000504993657158,reported,reported,endpoint,
49196,HUNTINGTON BANCSHARES INC /MD/,2025-09-30,2,0.02020743049130837,reported,reported,endpoint,
49196,HUNTINGTON BANCSHARES INC /MD/,2025-12-31,2,0.01919127499107723,reported,reported,endpoint,
49196,HUNTINGTON BANCSHARES INC /MD/,2026-03-31,2,0.01839576897313618,reported,reported,endpoint,
73124,NORTHERN TRUST CORP,2009-06-30,2,0.003913015827887159,reported,reported,endpoint,
73124,NORTHERN TRUST CORP,2009-09-30,2,0.003335025944702111,reported,reported,endpoint,
73124,NORTHERN TRUST CORP,2010-03-31,2,0.0027584657330631326,reported,reported,endpoint,
73124,NORTHERN TRUST CORP,2010-06-30,2,0.002877266388935351,reported,reported,endpoint,
73124,NORTHERN TRUST CORP,2010-09-30,2,0.0036907882358702348,reported,reported,endpoint,
73124,NORTHERN TRUST CORP,2011-03-31,2,0.00395058515824888,reported,reported,endpoint,
73124,NORTHERN TRUST CORP,2011-06-30,1,0.004620951935846442,reported,derived_residual,closing_only,
73124,NORTHERN TRUST CORP,2011-09-30,1,0.0034427577107722755,reported,derived_residual,endpoint,
73124,NORTHERN TRUST CORP,2011-12-31,1,0.003070093628930992,reported,derived_residual,endpoint,
73124,NORTHERN TRUST CORP,2012-03-31,1,0.003354607558916201,reported,derived_residual,endpoint,
73124,NORTHERN TRUST CORP,2012-06-30,1,0.002393962382944299,reported,derived_residual,endpoint,
73124,NORTHERN TRUST CORP,2012-09-30,1,0.003161730072708964,reported,derived_residual,endpoint,
73124,NORTHERN TRUST CORP,2012-12-31,1,0.0023940919759847076,reported,derived_residual,endpoint,
73124,NORTHERN TRUST CORP,2013-03-31,1,0.0020364906227829764,reported,derived_residual,endpoint,
73124,NORTHERN TRUST CORP,2013-06-30,1,0.00175822320995295,reported,derived_residual,endpoint,
73124,NORTHERN TRUST CORP,2013-09-30,1,0.0017555155423513871,reported,derived_residual,endpoint,
73124,NORTHERN TRUST CORP,2013-12-31,1,0.0014846891432106404,reported,derived_residual,endpoint,
73124,NORTHERN TRUST CORP,2014-03-31,1,0.0012328215743775516,reported,derived_residual,endpoint,
73124,NORTHERN TRUST CORP,2014-06-30,1,0.0013687267327912402,reported,derived_residual,endpoint,
73124,NORTHERN TRUST CORP,2014-09-30,1,0.0013012057991007523,reported,derived_residual,endpoint,
73124,NORTHERN TRUST CORP,2014-12-31,1,0.0010650610065129087,reported,derived_residual,endpoint,
73124,NORTHERN TRUST CORP,2015-03-31,1,0.00103701668308351,reported,derived_residual,endpoint,
73124,NORTHERN TRUST CORP,2015-06-30,1,0.001099778774120233,reported,derived_residual,endpoint,
73124,NORTHERN TRUST CORP,2015-09-30,1,0.001018005618936042,reported,derived_residual,endpoint,
73124,NORTHERN TRUST CORP,2015-12-31,1,0.0012424543139194985,reported,derived_residual,endpoint,
73124,NORTHERN TRUST CORP,2016-03-31,1,0.0013270180425138923,reported,derived_residual,endpoint,
73124,NORTHERN TRUST CORP,2016-06-30,1,0.0012587130253048817,reported,derived_residual,endpoint,
73124,NORTHERN TRUST CORP,2016-09-30,1,0.0011599952440194995,reported,derived_residual,endpoint,
73124,NORTHERN TRUST CORP,2016-12-31,1,0.0011339915373765868,reported,derived_residual,endpoint,
73124,NORTHERN TRUST CORP,2017-03-31,1,0.001560736175503652,reported,derived_residual,endpoint,
73124,NORTHERN TRUST CORP,2017-06-30,1,0.0022588536042488483,reported,derived_residual,endpoint,
73124,NORTHERN TRUST CORP,2017-09-30,1,0.00284875612501955,reported,derived_residual,endpoint,
73124,NORTHERN TRUST CORP,2017-12-31,1,0.0028608080925598784,reported,derived_residual,endpoint,
73124,NORTHERN TRUST CORP,2018-03-31,1,0.0031360757429387044,reported,derived_residual,endpoint,
73124,NORTHERN TRUST CORP,2018-06-30,1,0.003938241445278568,reported,derived_residual,endpoint,
73124,NORTHERN TRUST CORP,2018-09-30,1,0.0052461496919629135,reported,derived_residual,endpoint,
73124,NORTHERN TRUST CORP,2018-12-31,1,0.006827457890989403,reported,derived_residual,endpoint,
73124,NORTHERN TRUST CORP,2019-03-31,1,0.007581429094247796,reported,derived_residual,endpoint,
73124,NORTHERN TRUST CORP,2019-06-30,1,0.007042605395824403,reported,derived_residual,endpoint,
73124,NORTHERN TRUST CORP,2019-09-30,1,0.006363230956597027,reported,derived_residual,endpoint,
73124,NORTHERN TRUST CORP,2019-12-31,1,0.004321665511186231,reported,derived_residual,endpoint,
73124,NORTHERN TRUST CORP,2020-03-31,1,0.002695177722962062,reported,derived_residual,endpoint,
73124,NORTHERN TRUST CORP,2020-06-30,1,-2.926121697401395e-05,reported,derived_residual,endpoint,
73124,NORTHERN TRUST CORP,2020-09-30,1,-0.00015414071505877715,reported,derived_residual,endpoint,
73124,NORTHERN TRUST CORP,2020-12-31,1,-0.00035136234930179964,reported,derived_residual,endpoint,
73124,NORTHERN TRUST CORP,2021-03-31,1,-0.0005561712177244296,reported,derived_residual,endpoint,
73124,NORTHERN TRUST CORP,2021-06-30,1,-0.0006035676763001301,reported,derived_residual,endpoint,
73124,NORTHERN TRUST CORP,2021-09-30,1,-0.000639707696753042,reported,derived_residual,endpoint,
73124,NORTHERN TRUST CORP,2021-12-31,1,-0.0006361582102749017,reported,derived_residual,endpoint,
73124,NORTHERN TRUST CORP,2022-03-31,1,-0.0005952155340023892,reported,derived_residual,endpoint,
73124,NORTHERN TRUST CORP,2022-06-30,1,0.0009112140700093232,reported,derived_residual,endpoint,
73124,NORTHERN TRUST CORP,2022-09-30,1,0.007011979292316089,reported,derived_residual,endpoint,
73124,NORTHERN TRUST CORP,2022-12-31,1,0.016788345708649743,reported,derived_residual,endpoint,
73124,NORTHERN TRUST CORP,2023-03-31,1,0.023910393197014587,reported,derived_residual,endpoint,
73124,NORTHERN TRUST CORP,2023-06-30,1,0.027817007124952043,reported,derived_residual,endpoint,
73124,NORTHERN TRUST CORP,2023-09-30,1,0.03165451259571089,reported,derived_residual,endpoint,
73124,NORTHERN TRUST CORP,2023-12-31,1,0.033768439042292715,reported,derived_residual,endpoint,
73124,NORTHERN TRUST CORP,2024-03-31,1,0.03674750986857357,reported,derived_residual,endpoint,
73124,NORTHERN TRUST CORP,2024-06-30,1,0.035810334388913664,reported,derived_residual,endpoint,
73124,NORTHERN TRUST CORP,2024-09-30,1,0.03475351265111412,reported,derived_residual,endpoint,
73124,NORTHERN TRUST CORP,2024-12-31,1,0.030938780355051317,reported,derived_residual,endpoint,
73124,NORTHERN TRUST CORP,2025-03-31,1,0.027093913374941797,reported,derived_residual,endpoint,
73124,NORTHERN TRUST CORP,2025-06-30,1,0.026131631761152543,reported,derived_residual,endpoint,
73124,NORTHERN TRUST CORP,2025-09-30,1,0.023745036587696867,reported,derived_residual,endpoint,
73124,NORTHERN TRUST CORP,2025-12-31,1,0.020646278939535263,reported,derived_residual,endpoint,
73124,NORTHERN TRUST CORP,2026-03-31,1,0.020962780703296335,reported,derived_residual,endpoint,
73124,NORTHERN TRUST CORP,2026-06-30,1,0.01984381338386189,reported,derived_residual,endpoint,
820027,AMERIPRISE FINANCIAL INC,2010-12-31,2,0.006378858639936211,reported,reported,closing_only,
820027,AMERIPRISE FINANCIAL INC,2011-09-30,2,0.004987531172069825,reported,reported,closing_only,
820027,AMERIPRISE FINANCIAL INC,2020-12-31,2,0.001360467093702171,reported,reported,closing_only,
820027,AMERIPRISE FINANCIAL INC,2021-12-31,2,0.00039551095070944776,reported,reported,closing_only,
820027,AMERIPRISE FINANCIAL INC,2022-03-31,2,0.0003784742755765819,reported,reported,endpoint,
820027,AMERIPRISE FINANCIAL INC,2022-06-30,2,0.0005173305742369374,reported,reported,endpoint,
820027,AMERIPRISE FINANCIAL INC,2022-09-30,2,0.0022865417960785807,reported,reported,endpoint,
820027,AMERIPRISE FINANCIAL INC,2022-12-31,2,0.0076045627376425855,reported,reported,endpoint,
820027,AMERIPRISE FINANCIAL INC,2023-03-31,2,0.012731964338138722,reported,reported,endpoint,
820027,AMERIPRISE FINANCIAL INC,2023-06-30,2,0.015074364949224706,reported,reported,endpoint,
820027,AMERIPRISE FINANCIAL INC,2023-09-30,2,0.016851032962740802,reported,reported,endpoint,
820027,AMERIPRISE FINANCIAL INC,2023-12-31,2,0.019174724227155115,reported,reported,endpoint,
820027,AMERIPRISE FINANCIAL INC,2024-03-31,2,0.019272438528726968,reported,reported,endpoint,
820027,AMERIPRISE FINANCIAL INC,2024-06-30,2,0.01879293625971401,reported,reported,endpoint,
820027,AMERIPRISE FINANCIAL INC,2024-09-30,2,0.01796910526533368,reported,reported,endpoint,
820027,AMERIPRISE FINANCIAL INC,2024-12-31,2,0.016408437040937942,reported,reported,endpoint,
820027,AMERIPRISE FINANCIAL INC,2025-03-31,2,0.014216550527523578,reported,reported,endpoint,
820027,AMERIPRISE FINANCIAL INC,2025-06-30,2,0.013106533321936347,reported,reported,endpoint,
820027,AMERIPRISE FINANCIAL INC,2025-09-30,2,0.011967792558262323,reported,reported,endpoint,
820027,AMERIPRISE FINANCIAL INC,2025-12-31,2,0.010329627925614806,reported,reported,endpoint,
820027,AMERIPRISE FINANCIAL INC,2026-03-31,2,0.008832129856179507,reported,reported,endpoint,
820027,AMERIPRISE FINANCIAL INC,2026-06-30,2,0.008715117146694523,reported,reported,endpoint,
1011659,MUFG AMERICAS HOLDINGS CORP,2010-12-31,1,0.005136318818646672,reported,reported,closing_only,
1011659,MUFG AMERICAS HOLDINGS CORP,2011-06-30,1,0.005370759759835837,reported,reported,closing_only,
1011659,MUFG AMERICAS HOLDINGS CORP,2011-09-30,1,0.005280396527890208,reported,reported,endpoint,
1011659,MUFG AMERICAS HOLDINGS CORP,2011-12-31,1,0.0042530066394159205,reported,reported,endpoint,
1011659,MUFG AMERICAS HOLDINGS CORP,2012-03-31,1,0.005247503477601981,reported,reported,endpoint,
1011659,MUFG AMERICAS HOLDINGS CORP,2012-06-30,1,0.005225342913128674,reported,reported,endpoint,
1011659,MUFG AMERICAS HOLDINGS CORP,2012-09-30,1,0.004726653459840823,reported,reported,endpoint,
1011659,MUFG AMERICAS HOLDINGS CORP,2012-12-31,1,0.00493084916575655,reported,reported,endpoint,
1011659,MUFG AMERICAS HOLDINGS CORP,2013-03-31,1,0.004891121595320827,reported,reported,endpoint,
1011659,MUFG AMERICAS HOLDINGS CORP,2013-06-30,1,0.004833310223243468,reported,reported,endpoint,
1011659,MUFG AMERICAS HOLDINGS CORP,2013-09-30,1,0.0048025613660619,reported,reported,endpoint,
1011659,MUFG AMERICAS HOLDINGS CORP,2013-12-31,1,0.004789746947939567,reported,reported,endpoint,
1011659,MUFG AMERICAS HOLDINGS CORP,2014-03-31,1,0.004596678529062871,reported,reported,endpoint,
1011659,MUFG AMERICAS HOLDINGS CORP,2014-06-30,1,0.004501097603718939,reported,reported,endpoint,
1011659,MUFG AMERICAS HOLDINGS CORP,2014-09-30,1,0.004304267161410019,reported,reported,endpoint,
1011659,MUFG AMERICAS HOLDINGS CORP,2014-12-31,1,0.004177737059092992,reported,reported,endpoint,
1011659,MUFG AMERICAS HOLDINGS CORP,2015-03-31,1,0.003839161290917984,reported,reported,endpoint,
1011659,MUFG AMERICAS HOLDINGS CORP,2015-06-30,1,0.0038302069269292274,reported,reported,endpoint,
1011659,MUFG AMERICAS HOLDINGS CORP,2015-09-30,1,0.0037510989547719057,reported,reported,endpoint,
1011659,MUFG AMERICAS HOLDINGS CORP,2015-12-31,1,0.0038963189526694656,reported,reported,endpoint,
1011659,MUFG AMERICAS HOLDINGS CORP,2016-03-31,1,0.003813934482054076,reported,reported,endpoint,
1011659,MUFG AMERICAS HOLDINGS CORP,2016-06-30,1,0.003889853634333912,reported,reported,endpoint,
1011659,MUFG AMERICAS HOLDINGS CORP,2016-09-30,1,0.003908742820676452,reported,reported,endpoint,
1011659,MUFG AMERICAS HOLDINGS CORP,2016-12-31,1,0.0036953316953316955,reported,reported,endpoint,
1011659,MUFG AMERICAS HOLDINGS CORP,2017-03-31,1,0.0038130070229364043,reported,reported,endpoint,
1011659,MUFG AMERICAS HOLDINGS CORP,2017-06-30,1,0.004524048633522811,reported,reported,endpoint,
1011659,MUFG AMERICAS HOLDINGS CORP,2017-09-30,1,0.00484294599529375,reported,reported,endpoint,
1011659,MUFG AMERICAS HOLDINGS CORP,2017-12-31,1,0.005562422744128554,reported,reported,endpoint,
1011659,MUFG AMERICAS HOLDINGS CORP,2018-03-31,1,0.005282989550557433,reported,reported,endpoint,
1011659,MUFG AMERICAS HOLDINGS CORP,2018-06-30,1,0.006687532805847703,reported,reported,endpoint,
1011659,MUFG AMERICAS HOLDINGS CORP,2018-09-30,1,0.009212738096343695,reported,reported,endpoint,
1011659,MUFG AMERICAS HOLDINGS CORP,2018-12-31,1,0.011357796726794472,reported,reported,endpoint,
1011659,MUFG AMERICAS HOLDINGS CORP,2019-03-31,1,0.012201996087403428,reported,reported,endpoint,
1011659,MUFG AMERICAS HOLDINGS CORP,2019-06-30,1,0.013840384955823423,reported,reported,endpoint,
1011659,MUFG AMERICAS HOLDINGS CORP,2019-09-30,1,0.014112569795005473,reported,reported,endpoint,
1011659,MUFG AMERICAS HOLDINGS CORP,2019-12-31,1,0.012642461231861494,reported,reported,endpoint,
1011659,MUFG AMERICAS HOLDINGS CORP,2020-03-31,1,0.010690367792159362,reported,reported,endpoint,
1011659,MUFG AMERICAS HOLDINGS CORP,2020-06-30,1,0.0060630210408707,reported,reported,endpoint,
1011659,MUFG AMERICAS HOLDINGS CORP,2020-09-30,1,0.0035168770132122675,reported,reported,endpoint,
1011659,MUFG AMERICAS HOLDINGS CORP,2020-12-31,1,0.002520356727413726,reported,reported,endpoint,
1011659,MUFG AMERICAS HOLDINGS CORP,2021-03-31,1,0.0020689710909781544,reported,reported,endpoint,
1011659,MUFG AMERICAS HOLDINGS CORP,2021-06-30,1,0.001849375010320173,reported,reported,endpoint,
811830,"SANTANDER HOLDINGS USA, INC.",2010-12-31,2,0.0050814920704619635,reported,reported,closing_only,
811830,"SANTANDER HOLDINGS USA, INC.",2011-06-30,2,0.005458684412533203,reported,reported,closing_only,
811830,"SANTANDER HOLDINGS USA, INC.",2011-09-30,2,0.005501267849848049,reported,reported,endpoint,
811830,"SANTANDER HOLDINGS USA, INC.",2011-12-31,1,0.02605404800422179,reported,reported,closing_only,
811830,"SANTANDER HOLDINGS USA, INC.",2012-03-31,2,0.004756126569189193,reported,reported,endpoint,
811830,"SANTANDER HOLDINGS USA, INC.",2012-06-30,2,0.0046783801090735325,reported,reported,endpoint,
811830,"SANTANDER HOLDINGS USA, INC.",2012-09-30,2,0.004769415823880835,reported,reported,endpoint,
811830,"SANTANDER HOLDINGS USA, INC.",2012-12-31,1,0.026731542161858975,reported,reported,closing_only,
811830,"SANTANDER HOLDINGS USA, INC.",2013-03-31,2,0.004472544619532338,reported,reported,endpoint,
811830,"SANTANDER HOLDINGS USA, INC.",2013-06-30,2,0.004238183138131297,reported,reported,endpoint,
811830,"SANTANDER HOLDINGS USA, INC.",2013-09-30,2,0.004164816599088189,reported,reported,endpoint,
811830,"SANTANDER HOLDINGS USA, INC.",2013-12-31,1,0.019042155260989235,reported,reported,closing_only,
811830,"SANTANDER HOLDINGS USA, INC.",2014-03-31,2,0.003932818442682397,reported,reported,endpoint,
811830,"SANTANDER HOLDINGS USA, INC.",2014-06-30,2,0.0039107958123741045,reported,reported,endpoint,
811830,"SANTANDER HOLDINGS USA, INC.",2014-09-30,2,0.004270011973694654,reported,reported,endpoint,
811830,"SANTANDER HOLDINGS USA, INC.",2014-12-31,1,0.03197858693466134,reported,reported,closing_only,
811830,"SANTANDER HOLDINGS USA, INC.",2015-03-31,2,0.00474663094020654,reported,reported,endpoint,
811830,"SANTANDER HOLDINGS USA, INC.",2015-06-30,2,0.004785165348838713,reported,reported,endpoint,
811830,"SANTANDER HOLDINGS USA, INC.",2015-09-30,2,0.00529592714888658,reported,reported,endpoint,
811830,"SANTANDER HOLDINGS USA, INC.",2015-12-31,1,0.025093080361164526,reported,reported,closing_only,
811830,"SANTANDER HOLDINGS USA, INC.",2016-03-31,1,0.02807006845922861,reported,reported,endpoint,
811830,"SANTANDER HOLDINGS USA, INC.",2016-06-30,1,0.03141116715294761,reported,reported,endpoint,
811830,"SANTANDER HOLDINGS USA, INC.",2016-09-30,1,0.02694812382417259,reported,reported,endpoint,
811830,"SANTANDER HOLDINGS USA, INC.",2016-12-31,1,0.023780392705713405,reported,reported,endpoint,
811830,"SANTANDER HOLDINGS USA, INC.",2017-03-31,1,0.021790490391044186,reported,reported,endpoint,
811830,"SANTANDER HOLDINGS USA, INC.",2017-06-30,1,0.02282327332527505,reported,reported,endpoint,
811830,"SANTANDER HOLDINGS USA, INC.",2017-09-30,1,0.025515203153505788,reported,reported,endpoint,
811830,"SANTANDER HOLDINGS USA, INC.",2017-12-31,1,0.029170654124479407,reported,reported,endpoint,
811830,"SANTANDER HOLDINGS USA, INC.",2018-03-31,1,0.035429629885811616,reported,reported,endpoint,
811830,"SANTANDER HOLDINGS USA, INC.",2018-06-30,1,0.044269539178803476,reported,reported,endpoint,
811830,"SANTANDER HOLDINGS USA, INC.",2018-09-30,1,0.049784667392718175,reported,reported,endpoint,
811830,"SANTANDER HOLDINGS USA, INC.",2018-12-31,1,0.055638872119582024,reported,reported,endpoint,
811830,"SANTANDER HOLDINGS USA, INC.",2019-03-31,1,0.05768302835456127,reported,reported,endpoint,
811830,"SANTANDER HOLDINGS USA, INC.",2019-06-30,1,0.05933273715811028,reported,reported,endpoint,
811830,"SANTANDER HOLDINGS USA, INC.",2019-09-30,1,0.059098951854569974,reported,reported,endpoint,
811830,"SANTANDER HOLDINGS USA, INC.",2019-12-31,1,0.056519968231819886,reported,reported,endpoint,
811830,"SANTANDER HOLDINGS USA, INC.",2020-03-31,1,0.04898851652502554,reported,reported,endpoint,
811830,"SANTANDER HOLDINGS USA, INC.",2020-06-30,1,0.024569434190691256,reported,reported,endpoint,
811830,"SANTANDER HOLDINGS USA, INC.",2020-09-30,1,0.01895369362708087,reported,reported,endpoint,
811830,"SANTANDER HOLDINGS USA, INC.",2020-12-31,1,0.015097646823399164,reported,reported,endpoint,
811830,"SANTANDER HOLDINGS USA, INC.",2021-03-31,1,0.010435396932259214,reported,reported,endpoint,
811830,"SANTANDER HOLDINGS USA, INC.",2021-06-30,1,0.007202157174812498,reported,reported,endpoint,
811830,"SANTANDER HOLDINGS USA, INC.",2021-09-30,1,0.005696304242508675,reported,reported,endpoint,
811830,"SANTANDER HOLDINGS USA, INC.",2021-12-31,1,0.004704375405702509,reported,reported,endpoint,
811830,"SANTANDER HOLDINGS USA, INC.",2022-03-31,1,0.004552056761689788,reported,reported,endpoint,
811830,"SANTANDER HOLDINGS USA, INC.",2022-06-30,1,0.008763245398270966,reported,reported,endpoint,
811830,"SANTANDER HOLDINGS USA, INC.",2022-09-30,1,0.020088580005581128,reported,reported,endpoint,
811830,"SANTANDER HOLDINGS USA, INC.",2022-12-31,1,0.056540553576588534,reported,reported,endpoint,
811830,"SANTANDER HOLDINGS USA, INC.",2023-03-31,1,0.09004000429723844,reported,reported,endpoint,
811830,"SANTANDER HOLDINGS USA, INC.",2023-06-30,1,0.11421099148182746,reported,reported,endpoint,
811830,"SANTANDER HOLDINGS USA, INC.",2023-09-30,1,0.14712828449021512,reported,reported,endpoint,
811830,"SANTANDER HOLDINGS USA, INC.",2023-12-31,1,0.15778221682825305,reported,reported,endpoint,
811830,"SANTANDER HOLDINGS USA, INC.",2024-03-31,1,0.1674000821532713,reported,reported,endpoint,
811830,"SANTANDER HOLDINGS USA, INC.",2024-06-30,1,0.17072797058377762,reported,reported,endpoint,
811830,"SANTANDER HOLDINGS USA, INC.",2024-09-30,1,0.17820124182103012,reported,reported,endpoint,
811830,"SANTANDER HOLDINGS USA, INC.",2024-12-31,1,0.17523465761511997,reported,reported,endpoint,
811830,"SANTANDER HOLDINGS USA, INC.",2025-03-31,1,0.16559219486602275,reported,reported,endpoint,
811830,"SANTANDER HOLDINGS USA, INC.",2025-06-30,1,0.16363256725728972,reported,reported,endpoint,
811830,"SANTANDER HOLDINGS USA, INC.",2025-09-30,1,0.15428627222798635,reported,reported,endpoint,
811830,"SANTANDER HOLDINGS USA, INC.",2025-12-31,1,0.14998552828382586,reported,reported,endpoint,
811830,"SANTANDER HOLDINGS USA, INC.",2026-03-31,1,0.1478130574838699,reported,reported,endpoint,
811830,"SANTANDER HOLDINGS USA, INC.",2026-06-30,1,0.14959188599278964,reported,reported,endpoint,
1281761,REGIONS FINANCIAL CORP,2008-06-30,1,0.023585301103814446,reported,reported,closing_only,
1281761,REGIONS FINANCIAL CORP,2008-09-30,1,0.02191304835161756,reported,reported,endpoint,
1281761,REGIONS FINANCIAL CORP,2008-12-31,1,0.02272616502927804,reported,reported,endpoint,
1281761,REGIONS FINANCIAL CORP,2009-03-31,1,0.0200554813521011,reported,reported,endpoint,
1281761,REGIONS FINANCIAL CORP,2009-06-30,1,0.017925162446784673,reported,reported,endpoint,
1281761,REGIONS FINANCIAL CORP,2009-09-30,1,0.01633816195677986,reported,reported,endpoint,
1281761,REGIONS FINANCIAL CORP,2009-12-31,1,0.015020451954670421,reported,reported,endpoint,
1281761,REGIONS FINANCIAL CORP,2010-03-31,1,0.01287088560468564,reported,reported,endpoint,
1281761,REGIONS FINANCIAL CORP,2010-06-30,1,0.010472476011822022,reported,reported,endpoint,
1281761,REGIONS FINANCIAL CORP,2010-09-30,1,0.009346905936264735,reported,reported,endpoint,
1281761,REGIONS FINANCIAL CORP,2010-12-31,1,0.008776044861755643,reported,reported,endpoint,
1281761,REGIONS FINANCIAL CORP,2011-03-31,1,0.008071423386804093,reported,reported,endpoint,
1281761,REGIONS FINANCIAL CORP,2011-06-30,1,0.0073537994630559125,reported,reported,endpoint,
1281761,REGIONS FINANCIAL CORP,2011-09-30,1,0.006596723725381925,reported,reported,endpoint,
1281761,REGIONS FINANCIAL CORP,2011-12-31,1,0.005627128683548053,reported,reported,endpoint,
1281761,REGIONS FINANCIAL CORP,2012-03-31,1,0.005220654213231096,reported,reported,endpoint,
1281761,REGIONS FINANCIAL CORP,2012-06-30,1,0.004577106937177702,reported,reported,endpoint,
1281761,REGIONS FINANCIAL CORP,2012-09-30,1,0.004124980760350931,reported,reported,endpoint,
1281761,REGIONS FINANCIAL CORP,2012-12-31,1,0.00326035971610264,reported,reported,endpoint,
1281761,REGIONS FINANCIAL CORP,2013-03-31,1,0.0025911330809035033,reported,reported,endpoint,
1281761,REGIONS FINANCIAL CORP,2013-06-30,1,0.0020762551906379767,reported,reported,endpoint,
1281761,REGIONS FINANCIAL CORP,2013-09-30,1,0.0019839523851427564,reported,reported,endpoint,
1281761,REGIONS FINANCIAL CORP,2013-12-31,1,0.001865206660074126,reported,reported,endpoint,
1281761,REGIONS FINANCIAL CORP,2014-03-31,1,0.0017334221444678956,reported,reported,endpoint,
1281761,REGIONS FINANCIAL CORP,2014-06-30,1,0.001602769585844339,reported,reported,endpoint,
1281761,REGIONS FINANCIAL CORP,2014-09-30,1,0.0016601882078747195,reported,reported,endpoint,
1281761,REGIONS FINANCIAL CORP,2014-12-31,1,0.0017253085187108111,reported,reported,endpoint,
1281761,REGIONS FINANCIAL CORP,2015-03-31,1,0.001772474421769784,reported,reported,endpoint,
1281761,REGIONS FINANCIAL CORP,2015-06-30,1,0.0016982600696601121,reported,reported,endpoint,
1281761,REGIONS FINANCIAL CORP,2015-09-30,1,0.0017098617861722844,reported,reported,endpoint,
1281761,REGIONS FINANCIAL CORP,2015-12-31,1,0.0017057704001453063,reported,reported,endpoint,
1281761,REGIONS FINANCIAL CORP,2016-03-31,1,0.0017065790201392125,reported,reported,endpoint,
1281761,REGIONS FINANCIAL CORP,2016-06-30,1,0.0017882232724485887,reported,reported,endpoint,
1281761,REGIONS FINANCIAL CORP,2016-09-30,1,0.001980340331068186,reported,reported,endpoint,
1281761,REGIONS FINANCIAL CORP,2016-12-31,1,0.001968925903284454,reported,reported,endpoint,
1281761,REGIONS FINANCIAL CORP,2017-03-31,1,0.0022330151286774967,reported,reported,endpoint,
1281761,REGIONS FINANCIAL CORP,2017-06-30,1,0.0023991700168590323,reported,reported,endpoint,
1281761,REGIONS FINANCIAL CORP,2017-09-30,1,0.002770631308133782,reported,reported,endpoint,
1281761,REGIONS FINANCIAL CORP,2017-12-31,1,0.0027754832314554768,reported,reported,endpoint,
1281761,REGIONS FINANCIAL CORP,2018-03-31,1,0.0032445765082728425,reported,reported,endpoint,
1281761,REGIONS FINANCIAL CORP,2018-06-30,1,0.0038228414778300347,reported,reported,endpoint,
1281761,REGIONS FINANCIAL CORP,2018-09-30,1,0.004371248794064664,reported,reported,endpoint,
1281761,REGIONS FINANCIAL CORP,2018-12-31,1,0.0054542820375152335,reported,reported,endpoint,
1281761,REGIONS FINANCIAL CORP,2019-03-31,1,0.007177093111153568,reported,reported,endpoint,
1281761,REGIONS FINANCIAL CORP,2019-06-30,1,0.008248239000973292,reported,reported,endpoint,
1281761,REGIONS FINANCIAL CORP,2019-09-30,1,0.007718025915268051,reported,reported,endpoint,
1281761,REGIONS FINANCIAL CORP,2019-12-31,1,0.006358114300080288,reported,reported,endpoint,
1281761,REGIONS FINANCIAL CORP,2020-03-31,1,0.005322392859122914,reported,reported,endpoint,
1281761,REGIONS FINANCIAL CORP,2020-06-30,1,0.0024295432458697765,reported,reported,endpoint,
1281761,REGIONS FINANCIAL CORP,2020-09-30,1,0.0018617369423879686,reported,reported,endpoint,
1281761,REGIONS FINANCIAL CORP,2020-12-31,1,0.0013725952774143737,reported,reported,endpoint,
1281761,REGIONS FINANCIAL CORP,2021-03-31,1,0.0010492382668240523,reported,reported,endpoint,
1281761,REGIONS FINANCIAL CORP,2021-06-30,1,0.0009146361967274855,reported,reported,endpoint,
1281761,REGIONS FINANCIAL CORP,2021-09-30,1,0.0008004802881729037,reported,reported,endpoint,
1281761,REGIONS FINANCIAL CORP,2021-12-31,1,0.0006683933494861726,reported,reported,endpoint,
1281761,REGIONS FINANCIAL CORP,2022-03-31,1,0.0006414407746630894,reported,reported,endpoint,
1281761,REGIONS FINANCIAL CORP,2022-06-30,1,0.000992648199274126,reported,reported,endpoint,
1281761,REGIONS FINANCIAL CORP,2022-09-30,1,0.0024978924032847283,reported,reported,endpoint,
1281761,REGIONS FINANCIAL CORP,2022-12-31,1,0.005672453149393259,reported,reported,endpoint,
1281761,REGIONS FINANCIAL CORP,2023-03-31,1,0.008994522888297071,reported,reported,endpoint,
1281761,REGIONS FINANCIAL CORP,2023-06-30,1,0.013092135906441583,reported,reported,endpoint,
1281761,REGIONS FINANCIAL CORP,2023-09-30,1,0.018166068555871797,reported,reported,endpoint,
1281761,REGIONS FINANCIAL CORP,2023-12-31,1,0.02151168709837764,reported,reported,endpoint,
1281761,REGIONS FINANCIAL CORP,2024-03-31,1,0.022946146090463443,reported,reported,endpoint,
1281761,REGIONS FINANCIAL CORP,2024-06-30,1,0.02323442119330969,reported,reported,endpoint,
1281761,REGIONS FINANCIAL CORP,2024-09-30,1,0.023531186363979183,reported,reported,endpoint,
1281761,REGIONS FINANCIAL CORP,2024-12-31,1,0.02133114083919997,reported,reported,endpoint,
1281761,REGIONS FINANCIAL CORP,2025-03-31,1,0.019754962484566436,reported,reported,endpoint,
1281761,REGIONS FINANCIAL CORP,2025-06-30,1,0.019730961498140565,reported,reported,endpoint,
1281761,REGIONS FINANCIAL CORP,2025-09-30,1,0.020124009797215296,reported,reported,endpoint,
1281761,REGIONS FINANCIAL CORP,2025-12-31,1,0.01848883423728069,reported,reported,endpoint,
1281761,REGIONS FINANCIAL CORP,2026-03-31,1,0.016792428141492562,reported,reported,endpoint,
1281761,REGIONS FINANCIAL CORP,2026-06-30,1,0.016924006813561186,reported,reported,endpoint,
1393612,DISCOVER FINANCIAL SERVICES,2008-11-30,1,0.04362904646981637,reported,reported,closing_only,
1393612,DISCOVER FINANCIAL SERVICES,2009-08-31,1,0.03929789546384905,reported,reported,closing_only,
1393612,DISCOVER FINANCIAL SERVICES,2009-11-30,1,0.03650710401540428,reported,reported,closing_only,
1393612,DISCOVER FINANCIAL SERVICES,2010-02-28,1,0.034953954208339126,reported,reported,closing_only,
1393612,DISCOVER FINANCIAL SERVICES,2010-05-31,1,0.03415992837218297,reported,reported,closing_only,
1393612,DISCOVER FINANCIAL SERVICES,2010-08-31,1,0.0326964251766351,reported,reported,closing_only,
1393612,DISCOVER FINANCIAL SERVICES,2010-11-30,1,0.031196065944815422,reported,reported,closing_only,
1393612,DISCOVER FINANCIAL SERVICES,2011-02-28,1,0.029566064062569782,reported,reported,closing_only,
1393612,DISCOVER FINANCIAL SERVICES,2011-05-31,1,0.028610443922641424,reported,reported,closing_only,
1393612,DISCOVER FINANCIAL SERVICES,2011-08-31,1,0.025803977722253117,reported,reported,closing_only,
1393612,DISCOVER FINANCIAL SERVICES,2011-11-30,1,0.024063799231839815,reported,derived_residual,closing_only,
1393612,DISCOVER FINANCIAL SERVICES,2012-02-29,2,0.02279301598548886,reported,reported,closing_only,
1393612,DISCOVER FINANCIAL SERVICES,2012-05-31,2,0.02083767034310322,reported,reported,closing_only,
1393612,DISCOVER FINANCIAL SERVICES,2012-08-31,2,0.01937525296377606,reported,reported,closing_only,
1393612,DISCOVER FINANCIAL SERVICES,2012-11-30,2,0.018482932036531848,reported,reported,closing_only,
1393612,DISCOVER FINANCIAL SERVICES,2013-03-31,2,0.01758719727682107,reported,reported,endpoint,
1393612,DISCOVER FINANCIAL SERVICES,2013-06-30,2,0.017325392528424473,reported,reported,endpoint,
1393612,DISCOVER FINANCIAL SERVICES,2013-09-30,2,0.01577872439750248,reported,reported,endpoint,
1393612,DISCOVER FINANCIAL SERVICES,2013-12-31,2,0.014442072755347654,reported,reported,endpoint,
1393612,DISCOVER FINANCIAL SERVICES,2014-03-31,2,0.013608618791901537,reported,reported,endpoint,
1393612,DISCOVER FINANCIAL SERVICES,2014-06-30,2,0.013507922485994476,reported,reported,endpoint,
1393612,DISCOVER FINANCIAL SERVICES,2014-09-30,2,0.013626192570162647,reported,reported,endpoint,
1393612,DISCOVER FINANCIAL SERVICES,2014-12-31,1,0.013714185883997206,reported,reported,closing_only,
1393612,DISCOVER FINANCIAL SERVICES,2015-03-31,2,0.013143672445847205,reported,reported,endpoint,
1393612,DISCOVER FINANCIAL SERVICES,2015-06-30,2,0.013370281315031863,reported,reported,endpoint,
1393612,DISCOVER FINANCIAL SERVICES,2015-09-30,2,0.013516858406603459,reported,reported,endpoint,
1393612,DISCOVER FINANCIAL SERVICES,2015-12-31,1,0.013504905083450121,reported,reported,closing_only,
1393612,DISCOVER FINANCIAL SERVICES,2016-03-31,1,0.013620742204332154,reported,reported,endpoint,
1393612,DISCOVER FINANCIAL SERVICES,2016-06-30,1,0.0138104597593569,reported,reported,endpoint,
1393612,DISCOVER FINANCIAL SERVICES,2016-09-30,1,0.014697230851799482,reported,reported,endpoint,
1393612,DISCOVER FINANCIAL SERVICES,2016-12-31,1,0.01444446661213415,reported,reported,endpoint,
1393612,DISCOVER FINANCIAL SERVICES,2017-03-31,1,0.01462508853538544,reported,reported,endpoint,
1393612,DISCOVER FINANCIAL SERVICES,2017-06-30,1,0.015107804433647131,reported,reported,endpoint,
1393612,DISCOVER FINANCIAL SERVICES,2017-09-30,1,0.016156824961553427,reported,reported,endpoint,
1393612,DISCOVER FINANCIAL SERVICES,2017-12-31,1,0.01673875584625664,reported,reported,endpoint,
1393612,DISCOVER FINANCIAL SERVICES,2018-03-31,1,0.01765870508446017,reported,reported,endpoint,
1393612,DISCOVER FINANCIAL SERVICES,2018-06-30,1,0.018881889504761593,reported,reported,endpoint,
1393612,DISCOVER FINANCIAL SERVICES,2018-09-30,1,0.021208360864450212,reported,reported,endpoint,
1393612,DISCOVER FINANCIAL SERVICES,2018-12-31,1,0.02213375551422555,reported,reported,endpoint,
1393612,DISCOVER FINANCIAL SERVICES,2019-03-31,1,0.022816947198865064,reported,reported,endpoint,
1393612,DISCOVER FINANCIAL SERVICES,2019-06-30,1,0.0233618316608165,reported,reported,endpoint,
1393612,DISCOVER FINANCIAL SERVICES,2019-09-30,1,0.023358753434583296,reported,reported,endpoint,
1393612,DISCOVER FINANCIAL SERVICES,2019-12-31,1,0.022096962370503646,reported,reported,endpoint,
1393612,DISCOVER FINANCIAL SERVICES,2020-03-31,1,0.020643804437311047,reported,reported,endpoint,
1393612,DISCOVER FINANCIAL SERVICES,2020-06-30,1,0.01826030330900864,reported,reported,endpoint,
1393612,DISCOVER FINANCIAL SERVICES,2020-09-30,1,0.014976875860224522,reported,reported,endpoint,
1393612,DISCOVER FINANCIAL SERVICES,2020-12-31,1,0.012107473482143442,reported,reported,endpoint,
1393612,DISCOVER FINANCIAL SERVICES,2021-03-31,1,0.010251234928560046,reported,reported,endpoint,
1393612,DISCOVER FINANCIAL SERVICES,2021-06-30,1,0.009186085781830463,reported,reported,endpoint,
1393612,DISCOVER FINANCIAL SERVICES,2021-09-30,1,0.008651346573775606,reported,reported,endpoint,
1393612,DISCOVER FINANCIAL SERVICES,2021-12-31,1,0.008003156174265908,reported,reported,endpoint,
1393612,DISCOVER FINANCIAL SERVICES,2022-03-31,1,0.007844299127392264,reported,reported,endpoint,
1393612,DISCOVER FINANCIAL SERVICES,2022-06-30,1,0.009544771974574703,reported,reported,endpoint,
1393612,DISCOVER FINANCIAL SERVICES,2022-09-30,1,0.017661626277428313,reported,reported,endpoint,
1393612,DISCOVER FINANCIAL SERVICES,2022-12-31,1,0.02793778130174203,reported,reported,endpoint,
1393612,DISCOVER FINANCIAL SERVICES,2023-03-31,1,0.03278581883233046,reported,reported,endpoint,
1393612,DISCOVER FINANCIAL SERVICES,2023-06-30,1,0.037718352270655224,reported,reported,endpoint,
1393612,DISCOVER FINANCIAL SERVICES,2023-09-30,1,0.0423832065032856,reported,reported,endpoint,
1393612,DISCOVER FINANCIAL SERVICES,2023-12-31,1,0.04431521289100609,reported,reported,endpoint,
1393612,DISCOVER FINANCIAL SERVICES,2024-03-31,1,0.044727224001145906,reported,reported,endpoint,
1393612,DISCOVER FINANCIAL SERVICES,2024-06-30,1,0.044448357514562026,reported,reported,endpoint,
1393612,DISCOVER FINANCIAL SERVICES,2024-09-30,1,0.04508727994164301,reported,reported,endpoint,
1393612,DISCOVER FINANCIAL SERVICES,2024-12-31,1,0.0430278511797582,reported,reported,endpoint,
1393612,DISCOVER FINANCIAL SERVICES,2025-03-31,1,0.03990965630731944,reported,reported,endpoint,
1601712,SYNCHRONY FINANCIAL,2013-12-31,1,0.014668769716088327,reported,reported,closing_only,
1601712,SYNCHRONY FINANCIAL,2014-06-30,1,0.014409412386806795,reported,reported,closing_only,
1601712,SYNCHRONY FINANCIAL,2014-09-30,1,0.016066817558736332,reported,reported,endpoint,
1601712,SYNCHRONY FINANCIAL,2014-12-31,1,0.01651640500839188,reported,reported,endpoint,
1601712,SYNCHRONY FINANCIAL,2015-03-31,1,0.01573921160336038,reported,reported,endpoint,
1601712,SYNCHRONY FINANCIAL,2015-06-30,1,0.016128809533673034,reported,reported,endpoint,
1601712,SYNCHRONY FINANCIAL,2015-09-30,1,0.016299960275254047,reported,reported,endpoint,
1601712,SYNCHRONY FINANCIAL,2015-12-31,1,0.01578513088504359,reported,reported,endpoint,
1601712,SYNCHRONY FINANCIAL,2016-03-31,1,0.01564774381368268,reported,reported,endpoint,
1601712,SYNCHRONY FINANCIAL,2016-06-30,1,0.01574647298798122,reported,reported,endpoint,
1601712,SYNCHRONY FINANCIAL,2016-09-30,1,0.015694295165447507,reported,reported,endpoint,
1601712,SYNCHRONY FINANCIAL,2016-12-31,1,0.014816712147930684,reported,reported,endpoint,
1601712,SYNCHRONY FINANCIAL,2017-03-31,1,0.015030749116265556,reported,reported,endpoint,
1601712,SYNCHRONY FINANCIAL,2017-06-30,1,0.015535772654732835,reported,reported,endpoint,
1601712,SYNCHRONY FINANCIAL,2017-09-30,1,0.016390528669392185,reported,reported,endpoint,
1601712,SYNCHRONY FINANCIAL,2017-12-31,1,0.016867557099938466,reported,reported,endpoint,
1601712,SYNCHRONY FINANCIAL,2018-03-31,1,0.017697070921544763,reported,reported,endpoint,
1601712,SYNCHRONY FINANCIAL,2018-06-30,1,0.018988167172380215,reported,reported,endpoint,
1601712,SYNCHRONY FINANCIAL,2018-09-30,1,0.02080090093074095,reported,reported,endpoint,
1601712,SYNCHRONY FINANCIAL,2018-12-31,1,0.022263214808218308,reported,reported,endpoint,
1601712,SYNCHRONY FINANCIAL,2019-03-31,1,0.023524799059008037,reported,reported,endpoint,
1601712,SYNCHRONY FINANCIAL,2019-06-30,1,0.0245879429274826,reported,reported,endpoint,
1601712,SYNCHRONY FINANCIAL,2019-09-30,1,0.0250879374938005,reported,reported,endpoint,
1601712,SYNCHRONY FINANCIAL,2019-12-31,1,0.023469215803422337,reported,reported,endpoint,
1601712,SYNCHRONY FINANCIAL,2020-03-31,1,0.022046927132118997,reported,reported,endpoint,
1601712,SYNCHRONY FINANCIAL,2020-06-30,1,0.018289780663082577,reported,reported,endpoint,
1601712,SYNCHRONY FINANCIAL,2020-09-30,1,0.015426754399773321,reported,reported,endpoint,
1601712,SYNCHRONY FINANCIAL,2020-12-31,1,0.012732365673542145,reported,reported,endpoint,
1601712,SYNCHRONY FINANCIAL,2021-03-31,1,0.010889757222471335,reported,reported,endpoint,
1601712,SYNCHRONY FINANCIAL,2021-06-30,1,0.00958013107062886,reported,reported,endpoint,
1601712,SYNCHRONY FINANCIAL,2021-09-30,1,0.008770021255585868,reported,reported,endpoint,
1601712,SYNCHRONY FINANCIAL,2021-12-31,1,0.007809103511635728,reported,reported,endpoint,
1601712,SYNCHRONY FINANCIAL,2022-03-31,1,0.008122087120576221,reported,reported,endpoint,
1601712,SYNCHRONY FINANCIAL,2022-06-30,1,0.01003858581422342,reported,reported,endpoint,
1601712,SYNCHRONY FINANCIAL,2022-09-30,1,0.016923541855545482,reported,reported,endpoint,
1601712,SYNCHRONY FINANCIAL,2022-12-31,1,0.02531427587394524,reported,reported,endpoint,
1601712,SYNCHRONY FINANCIAL,2023-03-31,1,0.030658300308234257,reported,reported,endpoint,
1601712,SYNCHRONY FINANCIAL,2023-06-30,1,0.03840591354652097,reported,reported,endpoint,
1601712,SYNCHRONY FINANCIAL,2023-09-30,1,0.04182651147288139,reported,reported,endpoint,
1601712,SYNCHRONY FINANCIAL,2023-12-31,1,0.044327203422989056,reported,reported,endpoint,
1601712,SYNCHRONY FINANCIAL,2024-03-31,1,0.046551061610622814,reported,reported,endpoint,
1601712,SYNCHRONY FINANCIAL,2024-06-30,1,0.0466394964670702,reported,reported,endpoint,
1601712,SYNCHRONY FINANCIAL,2024-09-30,1,0.047044815289564966,reported,reported,endpoint,
1601712,SYNCHRONY FINANCIAL,2024-12-31,1,0.04485067098706936,reported,reported,endpoint,
1601712,SYNCHRONY FINANCIAL,2025-03-31,1,0.0428430908229808,reported,reported,endpoint,
1601712,SYNCHRONY FINANCIAL,2025-06-30,1,0.04148295499341974,reported,reported,endpoint,
1601712,SYNCHRONY FINANCIAL,2025-09-30,1,0.040255313874945776,reported,reported,endpoint,
1601712,SYNCHRONY FINANCIAL,2025-12-31,1,0.038986403429405785,reported,reported,endpoint,
1601712,SYNCHRONY FINANCIAL,2026-03-31,1,0.03773908568487863,reported,reported,endpoint,
1601712,SYNCHRONY FINANCIAL,2026-06-30,1,0.037220813568369586,reported,reported,endpoint,
910073,"FLAGSTAR BANK, NATIONAL ASSOCIATION",2008-12-31,3,0.018492105538477292,summed_components,reported,closing_only,0.8266044776119403
910073,"FLAGSTAR BANK, NATIONAL ASSOCIATION",2009-06-30,3,0.013426704224394442,summed_components,reported,closing_only,0.8682067176012686
910073,"FLAGSTAR BANK, NATIONAL ASSOCIATION",2009-09-30,3,0.01082921427233985,summed_components,reported,closing_only,0.8414573889879482
910073,"FLAGSTAR BANK, NATIONAL ASSOCIATION",2009-12-31,X,0.007936172945833854,summed_components,derived_residual,endpoint,0.7507780755597822
910073,"FLAGSTAR BANK, NATIONAL ASSOCIATION",2010-03-31,X,0.007689283201390031,summed_components,reported,endpoint,0.7249074988698957
910073,"FLAGSTAR BANK, NATIONAL ASSOCIATION",2010-06-30,X,0.0076373402931881025,summed_components,reported,endpoint,0.7243365804501176
910073,"FLAGSTAR BANK, NATIONAL ASSOCIATION",2010-09-30,X,0.006925468232127651,summed_components,reported,endpoint,0.7551012438248101
910073,"FLAGSTAR BANK, NATIONAL ASSOCIATION",2010-12-31,X,0.0065338266053501315,summed_components,derived_residual,endpoint,0.7480350861956664
910073,"FLAGSTAR BANK, NATIONAL ASSOCIATION",2011-03-31,X,0.005653802362059043,summed_components,reported,endpoint,0.7360312389066382
910073,"FLAGSTAR BANK, NATIONAL ASSOCIATION",2011-06-30,X,0.005301953652091522,summed_components,reported,endpoint,0.7371321670543027
910073,"FLAGSTAR BANK, NATIONAL ASSOCIATION",2011-09-30,X,0.005184066085394869,summed_components,reported,endpoint,0.7604309345695922
910073,"FLAGSTAR BANK, NATIONAL ASSOCIATION",2011-12-31,X,0.005371061868128992,summed_components,derived_residual,endpoint,0.7690250815551634
910073,"FLAGSTAR BANK, NATIONAL ASSOCIATION",2012-03-31,X,0.0048099202484347845,summed_components,reported,endpoint,0.7570725194024869
910073,"FLAGSTAR BANK, NATIONAL ASSOCIATION",2012-06-30,X,0.00451488421096812,summed_components,reported,endpoint,0.7430172200708577
910073,"FLAGSTAR BANK, NATIONAL ASSOCIATION",2012-09-30,X,0.004330361124071535,summed_components,reported,endpoint,0.7464216095795043
910073,"FLAGSTAR BANK, NATIONAL ASSOCIATION",2012-12-31,X,0.004542508985361673,summed_components,derived_residual,endpoint,0.7377702250947181
910073,"FLAGSTAR BANK, NATIONAL ASSOCIATION",2013-03-31,X,0.004171327473613298,summed_components,reported,endpoint,0.7410459766870819
910073,"FLAGSTAR BANK, NATIONAL ASSOCIATION",2013-06-30,X,0.004252964225689028,summed_components,reported,endpoint,0.7340677274581804
910073,"FLAGSTAR BANK, NATIONAL ASSOCIATION",2013-09-30,X,0.004188531178358206,summed_components,reported,endpoint,0.7546433454876937
910073,"FLAGSTAR BANK, NATIONAL ASSOCIATION",2013-12-31,X,0.004274347569591106,summed_components,derived_residual,endpoint,0.757739013949154
910073,"FLAGSTAR BANK, NATIONAL ASSOCIATION",2014-03-31,X,0.003897085233457468,summed_components,reported,endpoint,0.7525420731527602
910073,"FLAGSTAR BANK, NATIONAL ASSOCIATION",2014-06-30,X,0.0039512043342299985,summed_components,reported,endpoint,0.7403723610572395
910073,"FLAGSTAR BANK, NATIONAL ASSOCIATION",2014-09-30,X,0.004034621482048945,summed_components,reported,endpoint,0.7252926129757383
910073,"FLAGSTAR BANK, NATIONAL ASSOCIATION",2014-12-31,X,0.004224978218553564,summed_components,reported,endpoint,0.7291808873720137
910073,"FLAGSTAR BANK, NATIONAL ASSOCIATION",2015-03-31,X,0.004114416733419058,summed_components,reported,endpoint,0.7271178489420014
910073,"FLAGSTAR BANK, NATIONAL ASSOCIATION",2015-06-30,X,0.003984664312821319,summed_components,reported,endpoint,0.7095911443500657
910073,"FLAGSTAR BANK, NATIONAL ASSOCIATION",2015-09-30,X,0.003977400913797944,summed_components,reported,endpoint,0.7061026767878545
910073,"FLAGSTAR BANK, NATIONAL ASSOCIATION",2015-12-31,X,0.0038515222716433823,summed_components,reported,endpoint,0.6961166781406971
910073,"FLAGSTAR BANK, NATIONAL ASSOCIATION",2016-03-31,X,0.003636777254883244,summed_components,reported,endpoint,0.6409607780533929
910073,"FLAGSTAR BANK, NATIONAL ASSOCIATION",2016-06-30,X,0.0036072738855739877,summed_components,reported,endpoint,0.6305766349267726
910073,"FLAGSTAR BANK, NATIONAL ASSOCIATION",2016-09-30,X,0.0038522926354667615,summed_components,reported,endpoint,0.6378121718486052
910073,"FLAGSTAR BANK, NATIONAL ASSOCIATION",2016-12-31,X,0.003960466883444336,summed_components,reported,endpoint,0.6366517441602766
910073,"FLAGSTAR BANK, NATIONAL ASSOCIATION",2017-03-31,X,0.004018575270935942,summed_components,reported,endpoint,0.5948818088386434
910073,"FLAGSTAR BANK, NATIONAL ASSOCIATION",2017-06-30,X,0.004325711902915286,summed_components,reported,endpoint,0.564011585807386
910073,"FLAGSTAR BANK, NATIONAL ASSOCIATION",2017-09-30,X,0.004811897922226548,summed_components,reported,endpoint,0.5572156850171535
910073,"FLAGSTAR BANK, NATIONAL ASSOCIATION",2017-12-31,X,0.004958603584838512,summed_components,reported,endpoint,0.5659697074660704
910073,"FLAGSTAR BANK, NATIONAL ASSOCIATION",2018-03-31,X,0.00517484462035692,summed_components,reported,endpoint,0.5233478954302753
910073,"FLAGSTAR BANK, NATIONAL ASSOCIATION",2018-06-30,X,0.006281748012319991,summed_components,reported,endpoint,0.5334165280088741
910073,"FLAGSTAR BANK, NATIONAL ASSOCIATION",2018-09-30,X,0.007826154328619484,summed_components,reported,endpoint,0.568287879228881
910073,"FLAGSTAR BANK, NATIONAL ASSOCIATION",2018-12-31,X,0.0090240747312778,summed_components,reported,endpoint,0.5857654149912012
910073,"FLAGSTAR BANK, NATIONAL ASSOCIATION",2019-03-31,X,0.009730756023898128,summed_components,reported,endpoint,0.6019664013585468
910073,"FLAGSTAR BANK, NATIONAL ASSOCIATION",2019-06-30,X,0.011200611709160799,summed_components,reported,endpoint,0.652020628769558
910073,"FLAGSTAR BANK, NATIONAL ASSOCIATION",2019-09-30,X,0.012050443486928396,summed_components,reported,endpoint,0.6938907911335376
910073,"FLAGSTAR BANK, NATIONAL ASSOCIATION",2019-12-31,X,0.011940032619050647,summed_components,reported,endpoint,0.7374154125056652
910073,"FLAGSTAR BANK, NATIONAL ASSOCIATION",2020-03-31,X,0.011125461807278083,summed_components,reported,endpoint,0.7559737896508419
910073,"FLAGSTAR BANK, NATIONAL ASSOCIATION",2020-06-30,3,0.009202768861019627,summed_components,reported,closing_only,0.8795180722891566
910073,"FLAGSTAR BANK, NATIONAL ASSOCIATION",2020-09-30,3,0.006560491628103014,summed_components,reported,closing_only,0.8524590163934426
910073,"FLAGSTAR BANK, NATIONAL ASSOCIATION",2020-12-31,X,0.004365318473913971,summed_components,reported,endpoint,0.7954545454545454
910073,"FLAGSTAR BANK, NATIONAL ASSOCIATION",2021-03-31,X,0.0028814060108770675,summed_components,reported,endpoint,0.7272727272727273
910073,"FLAGSTAR BANK, NATIONAL ASSOCIATION",2021-06-30,X,0.0024570694392394223,summed_components,reported,endpoint,0.75
910073,"FLAGSTAR BANK, NATIONAL ASSOCIATION",2021-09-30,X,0.002093084101282014,summed_components,reported,endpoint,0.6923076923076923
910073,"FLAGSTAR BANK, NATIONAL ASSOCIATION",2021-12-31,X,0.002296211251435132,summed_components,reported,endpoint,0.7407407407407407
910073,"FLAGSTAR BANK, NATIONAL ASSOCIATION",2022-03-31,3,0.0020024239869315488,summed_components,reported,closing_only,
910073,"FLAGSTAR BANK, NATIONAL ASSOCIATION",2022-06-30,3,0.002133643681505189,summed_components,reported,closing_only,
910073,"FLAGSTAR BANK, NATIONAL ASSOCIATION",2022-09-30,3,0.0036446469248291574,summed_components,reported,closing_only,1.027027027027027
910073,"FLAGSTAR BANK, NATIONAL ASSOCIATION",2022-12-31,X,0.009717204435031768,summed_components,reported,endpoint,0.7959183673469388
910073,"FLAGSTAR BANK, NATIONAL ASSOCIATION",2023-03-31,X,0.011093136122024498,summed_components,reported,endpoint,0.4452296819787986
910073,"FLAGSTAR BANK, NATIONAL ASSOCIATION",2023-06-30,X,0.014464293438297504,summed_components,reported,endpoint,0.47392290249433106
910073,"FLAGSTAR BANK, NATIONAL ASSOCIATION",2023-09-30,X,0.014918383730264918,summed_components,reported,endpoint,0.45417515274949083
910073,"FLAGSTAR BANK, NATIONAL ASSOCIATION",2023-12-31,X,0.018134509371554575,summed_components,reported,endpoint,0.4732965009208103
910073,"FLAGSTAR BANK, NATIONAL ASSOCIATION",2024-03-31,X,0.026075719878879054,summed_components,reported,endpoint,0.5929824561403508
910073,"FLAGSTAR BANK, NATIONAL ASSOCIATION",2024-06-30,3,0.07305520131171434,summed_components,reported,endpoint,
910073,"FLAGSTAR BANK, NATIONAL ASSOCIATION",2024-09-30,3,0.08880700138185169,summed_components,reported,endpoint,
910073,"FLAGSTAR BANK, NATIONAL ASSOCIATION",2024-12-31,3,0.09156853509185116,summed_components,reported,endpoint,
910073,"FLAGSTAR BANK, NATIONAL ASSOCIATION",2025-06-30,3,0.08328525725074737,summed_components,reported,closing_only,
910073,"FLAGSTAR BANK, NATIONAL ASSOCIATION",2025-09-30,3,0.07527101656780527,summed_components,reported,endpoint,
910073,"FLAGSTAR BANK, NATIONAL ASSOCIATION",2025-12-31,3,0.07022310465541565,summed_components,reported,endpoint,
910073,"FLAGSTAR BANK, NATIONAL ASSOCIATION",2026-03-31,3,0.0647790533521562,summed_components,reported,endpoint,
910073,"FLAGSTAR BANK, NATIONAL ASSOCIATION",2026-06-30,3,0.05991906904265212,summed_components,reported,endpoint,
1409775,"BBVA USA BANCSHARES, INC.",2013-12-31,1,0.005312797765755481,reported,reported,closing_only,
1409775,"BBVA USA BANCSHARES, INC.",2014-03-31,1,0.005333456473745755,reported,reported,endpoint,
1409775,"BBVA USA BANCSHARES, INC.",2014-06-30,1,0.005901265837074394,reported,reported,endpoint,
1409775,"BBVA USA BANCSHARES, INC.",2014-09-30,1,0.006276994783093671,reported,reported,endpoint,
1409775,"BBVA USA BANCSHARES, INC.",2014-12-31,1,0.006508519152808124,reported,reported,endpoint,
1409775,"BBVA USA BANCSHARES, INC.",2015-03-31,1,0.006309056900815175,reported,reported,endpoint,
1409775,"BBVA USA BANCSHARES, INC.",2015-06-30,1,0.005944110153520586,reported,reported,endpoint,
1409775,"BBVA USA BANCSHARES, INC.",2015-09-30,1,0.006145754245704792,reported,reported,endpoint,
1409775,"BBVA USA BANCSHARES, INC.",2015-12-31,1,0.006195395260879107,reported,reported,endpoint,
1409775,"BBVA USA BANCSHARES, INC.",2016-03-31,1,0.0065391625214347646,reported,reported,endpoint,
1409775,"BBVA USA BANCSHARES, INC.",2016-06-30,1,0.006402636122076274,reported,reported,endpoint,
1409775,"BBVA USA BANCSHARES, INC.",2016-09-30,1,0.00642833109101064,reported,reported,endpoint,
1409775,"BBVA USA BANCSHARES, INC.",2016-12-31,1,0.006288212433027123,reported,reported,endpoint,
1409775,"BBVA USA BANCSHARES, INC.",2017-03-31,1,0.006047689143754327,reported,reported,endpoint,
1409775,"BBVA USA BANCSHARES, INC.",2017-06-30,1,0.005815759562273081,reported,reported,endpoint,
1409775,"BBVA USA BANCSHARES, INC.",2017-09-30,1,0.006619902322870851,reported,reported,endpoint,
1409775,"BBVA USA BANCSHARES, INC.",2017-12-31,1,0.007511103184639779,reported,reported,endpoint,
1409775,"BBVA USA BANCSHARES, INC.",2018-03-31,1,0.008131432302909823,reported,reported,endpoint,
1409775,"BBVA USA BANCSHARES, INC.",2018-06-30,1,0.009607277556315864,reported,reported,endpoint,
1409775,"BBVA USA BANCSHARES, INC.",2018-09-30,1,0.011405794919652608,reported,reported,endpoint,
1409775,"BBVA USA BANCSHARES, INC.",2018-12-31,1,0.012917715847590923,reported,reported,endpoint,
1409775,"BBVA USA BANCSHARES, INC.",2019-03-31,1,0.01376767007670759,reported,reported,endpoint,
1409775,"BBVA USA BANCSHARES, INC.",2019-06-30,1,0.015293016818963112,reported,reported,endpoint,
1409775,"BBVA USA BANCSHARES, INC.",2019-09-30,1,0.015616702174715679,reported,reported,endpoint,
1409775,"BBVA USA BANCSHARES, INC.",2019-12-31,1,0.014332753441385165,reported,reported,endpoint,
1409775,"BBVA USA BANCSHARES, INC.",2020-03-31,1,0.011986568207112492,reported,reported,endpoint,
1409775,"BBVA USA BANCSHARES, INC.",2020-06-30,1,0.006693659071591193,reported,reported,endpoint,
1409775,"BBVA USA BANCSHARES, INC.",2020-09-30,1,0.004110190022264509,reported,reported,endpoint,
1409775,"BBVA USA BANCSHARES, INC.",2020-12-31,1,0.0023085099262101414,reported,reported,endpoint,
1409775,"BBVA USA BANCSHARES, INC.",2021-03-31,1,0.0014215493252636565,reported,reported,endpoint,
28412,COMERICA INC,2009-06-30,1,0.015455837859512267,reported,reported,closing_only,
28412,COMERICA INC,2009-09-30,1,0.013393780921386784,reported,reported,endpoint,
28412,COMERICA INC,2009-12-31,1,0.00840064620355412,reported,reported,endpoint,
28412,COMERICA INC,2010-03-31,1,0.0057767691355477616,reported,reported,endpoint,
28412,COMERICA INC,2010-06-30,1,0.004765132376198985,reported,reported,endpoint,
28412,COMERICA INC,2010-09-30,1,0.004419075676670963,reported,reported,endpoint,
28412,COMERICA INC,2010-12-31,1,0.0038553442701953775,reported,reported,endpoint,
28412,COMERICA INC,2011-03-31,1,0.0034886717278836054,reported,reported,endpoint,
28412,COMERICA INC,2011-06-30,1,0.003612801884940114,reported,reported,endpoint,
28412,COMERICA INC,2011-09-30,1,0.003572093023255814,reported,reported,endpoint,
28412,COMERICA INC,2011-12-31,1,0.002982583840786834,reported,reported,endpoint,
28412,COMERICA INC,2012-03-31,1,0.0026876016691420894,reported,reported,endpoint,
28412,COMERICA INC,2012-06-30,1,0.0025431361814103807,reported,reported,endpoint,
28412,COMERICA INC,2012-09-30,1,0.002416403112895775,reported,reported,endpoint,
28412,COMERICA INC,2012-12-31,1,0.0022402688322598714,reported,reported,endpoint,
28412,COMERICA INC,2013-03-31,1,0.00206001510677745,reported,reported,endpoint,
28412,COMERICA INC,2013-06-30,1,0.0020434227330779057,reported,reported,endpoint,
28412,COMERICA INC,2013-09-30,1,0.0017808829069488681,reported,reported,endpoint,
28412,COMERICA INC,2013-12-31,1,0.0016429916138969707,reported,reported,endpoint,
28412,COMERICA INC,2014-03-31,1,0.0014861852327230968,reported,reported,endpoint,
28412,COMERICA INC,2014-06-30,1,0.001486712506968965,reported,reported,endpoint,
28412,COMERICA INC,2014-09-30,1,0.0014793148082774387,reported,reported,endpoint,
28412,COMERICA INC,2014-12-31,1,0.0015906417245207364,reported,reported,endpoint,
28412,COMERICA INC,2015-03-31,1,0.0014560375922432907,reported,reported,endpoint,
28412,COMERICA INC,2015-06-30,1,0.0014601204599379448,reported,reported,endpoint,
28412,COMERICA INC,2015-09-30,1,0.0014626687055381957,reported,reported,endpoint,
28412,COMERICA INC,2015-12-31,1,0.001353981552001354,reported,reported,endpoint,
28412,COMERICA INC,2016-03-31,1,0.0013951866062085804,reported,reported,endpoint,
28412,COMERICA INC,2016-06-30,1,0.001424983523628008,reported,reported,endpoint,
28412,COMERICA INC,2016-09-30,1,0.0014466546112115732,reported,reported,endpoint,
28412,COMERICA INC,2016-12-31,1,0.0014563990533406153,reported,reported,endpoint,
28412,COMERICA INC,2017-03-31,1,0.0013231402528668039,reported,reported,endpoint,
28412,COMERICA INC,2017-06-30,1,0.0013703323055841042,reported,reported,endpoint,
28412,COMERICA INC,2017-09-30,1,0.001725524029882939,reported,reported,endpoint,
28412,COMERICA INC,2017-12-31,1,0.0020288724151385096,reported,reported,endpoint,
28412,COMERICA INC,2018-03-31,1,0.002437816630480326,reported,reported,endpoint,
28412,COMERICA INC,2018-06-30,1,0.004181600955794504,reported,reported,endpoint,
28412,COMERICA INC,2018-09-30,1,0.005223978059292151,reported,reported,endpoint,
28412,COMERICA INC,2018-12-31,1,0.006420785426310288,reported,reported,endpoint,
28412,COMERICA INC,2019-03-31,1,0.00760233918128655,reported,reported,endpoint,
28412,COMERICA INC,2019-06-30,1,0.009506074310543584,reported,reported,endpoint,
28412,COMERICA INC,2019-09-30,1,0.010032468090223498,reported,reported,endpoint,
28412,COMERICA INC,2019-12-31,1,0.009397865342015171,reported,reported,endpoint,
28412,COMERICA INC,2020-03-31,1,0.007512618851977931,reported,reported,endpoint,
28412,COMERICA INC,2020-06-30,1,0.0025865692392253226,reported,reported,endpoint,
28412,COMERICA INC,2020-09-30,1,0.0018731268731268732,reported,reported,endpoint,
28412,COMERICA INC,2020-12-31,1,0.0012237093690248566,reported,reported,endpoint,
28412,COMERICA INC,2021-03-31,1,0.000818306689657188,reported,reported,endpoint,
28412,COMERICA INC,2021-06-30,1,0.0005670782709783518,reported,reported,endpoint,
28412,COMERICA INC,2021-09-30,1,0.0005424243657025073,reported,reported,endpoint,
28412,COMERICA INC,2021-12-31,1,0.0005352602703064365,reported,reported,endpoint,
28412,COMERICA INC,2022-03-31,1,0.00044774031061984047,reported,reported,endpoint,
28412,COMERICA INC,2022-06-30,1,0.0004679183482482307,reported,reported,endpoint,
28412,COMERICA INC,2022-09-30,1,0.001994484005173193,reported,reported,endpoint,
28412,COMERICA INC,2022-12-31,1,0.010036672457054623,reported,reported,endpoint,
28412,COMERICA INC,2023-03-31,1,0.01498769548305152,reported,reported,endpoint,
28412,COMERICA INC,2023-06-30,1,0.024187361802620298,reported,reported,endpoint,
28412,COMERICA INC,2023-09-30,1,0.030034356644131663,reported,reported,endpoint,
28412,COMERICA INC,2023-12-31,1,0.031727271533441015,reported,reported,endpoint,
28412,COMERICA INC,2024-03-31,1,0.03308200057397793,reported,reported,endpoint,
28412,COMERICA INC,2024-06-30,1,0.03224016278639571,reported,reported,endpoint,
28412,COMERICA INC,2024-09-30,1,0.03419910615972537,reported,reported,endpoint,
28412,COMERICA INC,2024-12-31,1,0.029093128528559078,reported,reported,endpoint,
28412,COMERICA INC,2025-03-31,1,0.025934263845114814,reported,reported,endpoint,
28412,COMERICA INC,2025-06-30,1,0.027070253122728174,reported,reported,endpoint,
28412,COMERICA INC,2025-09-30,1,0.028970137478822055,reported,reported,endpoint,
109380,"ZIONS BANCORPORATION, NATIONAL ASSOCIATION /UT/",2010-03-31,1,0.007627682034165523,reported,derived_residual,endpoint,
109380,"ZIONS BANCORPORATION, NATIONAL ASSOCIATION /UT/",2010-06-30,1,0.007372985662437405,reported,derived_residual,endpoint,
109380,"ZIONS BANCORPORATION, NATIONAL ASSOCIATION /UT/",2010-09-30,1,0.006667080651233071,reported,derived_residual,endpoint,
109380,"ZIONS BANCORPORATION, NATIONAL ASSOCIATION /UT/",2011-03-31,1,0.005396753021149572,reported,derived_residual,endpoint,
109380,"ZIONS BANCORPORATION, NATIONAL ASSOCIATION /UT/",2011-06-30,1,0.005120851122319124,reported,derived_residual,endpoint,
109380,"ZIONS BANCORPORATION, NATIONAL ASSOCIATION /UT/",2011-09-30,1,0.004678517793260236,reported,derived_residual,endpoint,
109380,"ZIONS BANCORPORATION, NATIONAL ASSOCIATION /UT/",2011-12-31,1,0.004005549365812133,reported,derived_residual,endpoint,
109380,"ZIONS BANCORPORATION, NATIONAL ASSOCIATION /UT/",2012-03-31,1,0.0034893542503823677,reported,derived_residual,endpoint,
109380,"ZIONS BANCORPORATION, NATIONAL ASSOCIATION /UT/",2012-06-30,1,0.00310930574871593,reported,derived_residual,endpoint,
109380,"ZIONS BANCORPORATION, NATIONAL ASSOCIATION /UT/",2012-09-30,1,0.0028678197826910276,reported,derived_residual,endpoint,
109380,"ZIONS BANCORPORATION, NATIONAL ASSOCIATION /UT/",2012-12-31,1,0.002491455477636311,reported,derived_residual,endpoint,
109380,"ZIONS BANCORPORATION, NATIONAL ASSOCIATION /UT/",2013-03-31,1,0.002281727399801541,reported,derived_residual,endpoint,
109380,"ZIONS BANCORPORATION, NATIONAL ASSOCIATION /UT/",2013-06-30,1,0.0022272741061735227,reported,derived_residual,endpoint,
109380,"ZIONS BANCORPORATION, NATIONAL ASSOCIATION /UT/",2013-09-30,1,0.0021365605521269557,reported,derived_residual,endpoint,
109380,"ZIONS BANCORPORATION, NATIONAL ASSOCIATION /UT/",2013-12-31,1,0.001992017161589048,reported,derived_residual,endpoint,
109380,"ZIONS BANCORPORATION, NATIONAL ASSOCIATION /UT/",2014-03-31,1,0.0018629188259981482,reported,derived_residual,endpoint,
109380,"ZIONS BANCORPORATION, NATIONAL ASSOCIATION /UT/",2014-06-30,1,0.001814349390991675,reported,derived_residual,endpoint,
109380,"ZIONS BANCORPORATION, NATIONAL ASSOCIATION /UT/",2014-09-30,1,0.0018742833179099716,reported,derived_residual,endpoint,
109380,"ZIONS BANCORPORATION, NATIONAL ASSOCIATION /UT/",2014-12-31,1,0.001865392279263555,reported,derived_residual,endpoint,
109380,"ZIONS BANCORPORATION, NATIONAL ASSOCIATION /UT/",2015-03-31,1,0.0017738800811120737,reported,derived_residual,endpoint,
109380,"ZIONS BANCORPORATION, NATIONAL ASSOCIATION /UT/",2015-06-30,1,0.0018036801530954228,reported,derived_residual,endpoint,
109380,"ZIONS BANCORPORATION, NATIONAL ASSOCIATION /UT/",2015-09-30,1,0.0018333689186264387,reported,derived_residual,endpoint,
109380,"ZIONS BANCORPORATION, NATIONAL ASSOCIATION /UT/",2015-12-31,1,0.001736189766854517,reported,derived_residual,endpoint,
109380,"ZIONS BANCORPORATION, NATIONAL ASSOCIATION /UT/",2016-03-31,1,0.0017108331918034695,reported,derived_residual,endpoint,
109380,"ZIONS BANCORPORATION, NATIONAL ASSOCIATION /UT/",2016-06-30,1,0.0017139825842229616,reported,derived_residual,endpoint,
109380,"ZIONS BANCORPORATION, NATIONAL ASSOCIATION /UT/",2016-09-30,1,0.0018527688668700769,reported,derived_residual,endpoint,
109380,"ZIONS BANCORPORATION, NATIONAL ASSOCIATION /UT/",2016-12-31,1,0.0018163120646275967,reported,derived_residual,endpoint,
109380,"ZIONS BANCORPORATION, NATIONAL ASSOCIATION /UT/",2017-03-31,1,0.0017873715326710894,reported,derived_residual,endpoint,
109380,"ZIONS BANCORPORATION, NATIONAL ASSOCIATION /UT/",2017-06-30,1,0.0019556145344065932,reported,derived_residual,endpoint,
109380,"ZIONS BANCORPORATION, NATIONAL ASSOCIATION /UT/",2017-09-30,1,0.0021316658968984262,reported,derived_residual,endpoint,
109380,"ZIONS BANCORPORATION, NATIONAL ASSOCIATION /UT/",2017-12-31,1,0.002252608978758601,reported,derived_residual,endpoint,
109380,"ZIONS BANCORPORATION, NATIONAL ASSOCIATION /UT/",2018-03-31,1,0.002768693003858866,reported,derived_residual,endpoint,
109380,"ZIONS BANCORPORATION, NATIONAL ASSOCIATION /UT/",2018-06-30,1,0.003957221075613625,reported,derived_residual,endpoint,
109380,"ZIONS BANCORPORATION, NATIONAL ASSOCIATION /UT/",2018-09-30,1,0.0051272537147290485,reported,derived_residual,endpoint,
109380,"ZIONS BANCORPORATION, NATIONAL ASSOCIATION /UT/",2018-12-31,1,0.006381493668361751,reported,derived_residual,endpoint,
109380,"ZIONS BANCORPORATION, NATIONAL ASSOCIATION /UT/",2019-03-31,1,0.007386768612713018,reported,derived_residual,endpoint,
109380,"ZIONS BANCORPORATION, NATIONAL ASSOCIATION /UT/",2019-06-30,1,0.008426293866998611,reported,derived_residual,endpoint,
109380,"ZIONS BANCORPORATION, NATIONAL ASSOCIATION /UT/",2019-09-30,1,0.008658280264767702,reported,derived_residual,endpoint,
109380,"ZIONS BANCORPORATION, NATIONAL ASSOCIATION /UT/",2019-12-31,1,0.0075290688849084676,reported,derived_residual,endpoint,
109380,"ZIONS BANCORPORATION, NATIONAL ASSOCIATION /UT/",2020-03-31,1,0.006121805932750161,reported,derived_residual,endpoint,
109380,"ZIONS BANCORPORATION, NATIONAL ASSOCIATION /UT/",2020-06-30,1,0.00270159158982792,reported,derived_residual,endpoint,
109380,"ZIONS BANCORPORATION, NATIONAL ASSOCIATION /UT/",2020-09-30,1,0.0020360263552300427,reported,derived_residual,endpoint,
109380,"ZIONS BANCORPORATION, NATIONAL ASSOCIATION /UT/",2020-12-31,1,0.0014263183158472195,reported,derived_residual,endpoint,
109380,"ZIONS BANCORPORATION, NATIONAL ASSOCIATION /UT/",2021-03-31,1,0.0009583388792759217,reported,derived_residual,endpoint,
109380,"ZIONS BANCORPORATION, NATIONAL ASSOCIATION /UT/",2021-06-30,1,0.0007373466055722337,reported,derived_residual,endpoint,
109380,"ZIONS BANCORPORATION, NATIONAL ASSOCIATION /UT/",2021-09-30,1,0.0007300126448618842,reported,derived_residual,endpoint,
109380,"ZIONS BANCORPORATION, NATIONAL ASSOCIATION /UT/",2021-12-31,1,0.0006959115198210513,reported,derived_residual,endpoint,
109380,"ZIONS BANCORPORATION, NATIONAL ASSOCIATION /UT/",2022-03-31,1,0.0005842970176506391,reported,derived_residual,endpoint,
109380,"ZIONS BANCORPORATION, NATIONAL ASSOCIATION /UT/",2022-06-30,1,0.0007071957164145178,reported,derived_residual,endpoint,
109380,"ZIONS BANCORPORATION, NATIONAL ASSOCIATION /UT/",2022-09-30,1,0.00200967818705873,reported,derived_residual,endpoint,
109380,"ZIONS BANCORPORATION, NATIONAL ASSOCIATION /UT/",2022-12-31,1,0.0041794409997662815,reported,derived_residual,endpoint,
109380,"ZIONS BANCORPORATION, NATIONAL ASSOCIATION /UT/",2023-03-31,1,0.008851826363869435,reported,derived_residual,endpoint,
109380,"ZIONS BANCORPORATION, NATIONAL ASSOCIATION /UT/",2023-06-30,1,0.020980604861301513,reported,derived_residual,endpoint,
109380,"ZIONS BANCORPORATION, NATIONAL ASSOCIATION /UT/",2023-09-30,1,0.031043586127927566,reported,derived_residual,endpoint,
109380,"ZIONS BANCORPORATION, NATIONAL ASSOCIATION /UT/",2023-12-31,1,0.032449195444790156,reported,derived_residual,endpoint,
109380,"ZIONS BANCORPORATION, NATIONAL ASSOCIATION /UT/",2024-03-31,1,0.030751300898616805,reported,derived_residual,endpoint,
109380,"ZIONS BANCORPORATION, NATIONAL ASSOCIATION /UT/",2024-06-30,1,0.0317916424662978,reported,derived_residual,endpoint,
109380,"ZIONS BANCORPORATION, NATIONAL ASSOCIATION /UT/",2024-09-30,1,0.03230978914455223,reported,derived_residual,endpoint,
109380,"ZIONS BANCORPORATION, NATIONAL ASSOCIATION /UT/",2024-12-31,1,0.029022921067042167,reported,derived_residual,endpoint,
109380,"ZIONS BANCORPORATION, NATIONAL ASSOCIATION /UT/",2025-03-31,1,0.02546402522969371,reported,derived_residual,endpoint,
109380,"ZIONS BANCORPORATION, NATIONAL ASSOCIATION /UT/",2025-06-30,1,0.02513924280117236,reported,derived_residual,endpoint,
109380,"ZIONS BANCORPORATION, NATIONAL ASSOCIATION /UT/",2025-09-30,1,0.025779351809908167,reported,derived_residual,endpoint,
109380,"ZIONS BANCORPORATION, NATIONAL ASSOCIATION /UT/",2025-12-31,1,0.024268003165391717,reported,derived_residual,endpoint,
109380,"ZIONS BANCORPORATION, NATIONAL ASSOCIATION /UT/",2026-03-31,1,0.022077935110941624,reported,derived_residual,endpoint,
109380,"ZIONS BANCORPORATION, NATIONAL ASSOCIATION /UT/",2026-06-30,1,0.02243490583926308,reported,derived_residual,endpoint,
36966,FIRST HORIZON CORP,2009-03-31,X,0.01345667014601255,summed_components,reported,closing_only,0.76169779286927
36966,FIRST HORIZON CORP,2009-06-30,X,0.007979402391717365,summed_components,reported,endpoint,0.7392711121569551
36966,FIRST HORIZON CORP,2009-09-30,X,0.006897253094402808,summed_components,reported,endpoint,0.7513783236792518
36966,FIRST HORIZON CORP,2009-12-31,X,0.006290730060933049,summed_components,reported,endpoint,0.757938675197004
36966,FIRST HORIZON CORP,2010-03-31,X,0.005655862911818696,summed_components,reported,endpoint,0.7534722222222222
36966,FIRST HORIZON CORP,2010-06-30,X,0.005564609805478777,summed_components,reported,endpoint,0.7477657230743651
36966,FIRST HORIZON CORP,2010-09-30,X,0.005376536540432674,summed_components,reported,endpoint,0.7663629931010083
36966,FIRST HORIZON CORP,2010-12-31,X,0.0051388983498286914,summed_components,reported,endpoint,0.782460943031104
36966,FIRST HORIZON CORP,2011-03-31,X,0.004687948460789105,summed_components,reported,endpoint,0.7819279574293901
36966,FIRST HORIZON CORP,2011-06-30,X,0.0045008168220841355,summed_components,reported,endpoint,0.7768855298378208
36966,FIRST HORIZON CORP,2011-09-30,X,0.004081832816218524,summed_components,reported,endpoint,0.7771053958648513
36966,FIRST HORIZON CORP,2011-12-31,X,0.003599937724945738,summed_components,reported,endpoint,0.7746736457085199
36966,FIRST HORIZON CORP,2012-03-31,X,0.0032748276687592018,summed_components,reported,endpoint,0.7510254573865486
36966,FIRST HORIZON CORP,2012-06-30,X,0.002915805341147276,summed_components,reported,endpoint,0.722007722007722
36966,FIRST HORIZON CORP,2012-09-30,X,0.0028608416751447745,summed_components,reported,endpoint,0.7433211105290728
36966,FIRST HORIZON CORP,2012-12-31,X,0.002620672022868025,summed_components,reported,endpoint,0.75565352273655
36966,FIRST HORIZON CORP,2013-03-31,X,0.002428177657108066,summed_components,reported,endpoint,0.7609540636042402
36966,FIRST HORIZON CORP,2013-06-30,X,0.0021677317003535217,summed_components,reported,endpoint,0.7515509887553316
36966,FIRST HORIZON CORP,2013-09-30,X,0.0020744916149438375,summed_components,reported,endpoint,0.751481072396827
36966,FIRST HORIZON CORP,2013-12-31,3,0.0022684107928246057,summed_components,reported,endpoint,0.8049792531120332
36966,FIRST HORIZON CORP,2014-03-31,X,0.0017026019817372733,summed_components,reported,endpoint,0.7694715752566992
36966,FIRST HORIZON CORP,2014-06-30,X,0.0014911484251369257,summed_components,reported,endpoint,0.765704337733933
36966,FIRST HORIZON CORP,2014-09-30,X,0.0012667865097923234,summed_components,reported,endpoint,0.7529613733905579
36966,FIRST HORIZON CORP,2014-12-31,X,0.0013313091222450686,summed_components,reported,endpoint,0.7913798754506719
36966,FIRST HORIZON CORP,2015-03-31,X,0.0011979803451846764,summed_components,reported,endpoint,0.7204317421708726
36966,FIRST HORIZON CORP,2015-06-30,X,0.0010753115302902004,summed_components,reported,endpoint,0.6894669235709698
36966,FIRST HORIZON CORP,2015-09-30,X,0.0009991194559912763,summed_components,reported,endpoint,0.6817795890643573
36966,FIRST HORIZON CORP,2015-12-31,3,0.0021819410904573835,summed_components,reported,endpoint,1.1790859798605733
36966,FIRST HORIZON CORP,2016-03-31,X,0.0015068489704051842,summed_components,reported,endpoint,0.7386866281047976
36966,FIRST HORIZON CORP,2016-06-30,X,0.0015014198141318248,summed_components,reported,endpoint,0.723813689044391
36966,FIRST HORIZON CORP,2016-09-30,X,0.0016379310463523747,summed_components,reported,endpoint,0.7414979555200958
36966,FIRST HORIZON CORP,2016-12-31,X,0.0018923431449250872,summed_components,reported,endpoint,0.7553351117039013
36966,FIRST HORIZON CORP,2017-03-31,X,0.002420911302336904,summed_components,reported,endpoint,0.7440380575806252
36966,FIRST HORIZON CORP,2017-06-30,X,0.002857359435523703,summed_components,reported,endpoint,0.7355363285729177
36966,FIRST HORIZON CORP,2017-09-30,X,0.0028483669403282304,summed_components,reported,endpoint,0.6665515540207203
36966,FIRST HORIZON CORP,2017-12-31,X,0.002857308226017036,summed_components,reported,endpoint,0.6524173443949487
36966,FIRST HORIZON CORP,2018-03-31,X,0.0036551740250987744,summed_components,reported,endpoint,0.6971997830616847
36966,FIRST HORIZON CORP,2018-06-30,X,0.0055021265548854895,summed_components,reported,endpoint,0.7556257564257728
36966,FIRST HORIZON CORP,2018-09-30,X,0.0066254916528927475,summed_components,reported,endpoint,0.7562870198003047
36966,FIRST HORIZON CORP,2018-12-31,X,0.007905560708093068,summed_components,reported,endpoint,0.7405298942369954
36966,FIRST HORIZON CORP,2019-03-31,X,0.008417631361804536,summed_components,reported,endpoint,0.7318817662084904
36966,FIRST HORIZON CORP,2019-06-30,X,0.008361374823412796,summed_components,reported,endpoint,0.7499177236019341
36966,FIRST HORIZON CORP,2019-09-30,1,0.01312655308476127,reported,reported,endpoint,
36966,FIRST HORIZON CORP,2019-12-31,1,0.011275409817360409,reported,reported,endpoint,
36966,FIRST HORIZON CORP,2020-03-31,1,0.008730651754066756,reported,reported,endpoint,
36966,FIRST HORIZON CORP,2020-06-30,1,0.0038871653089932,reported,reported,endpoint,
36966,FIRST HORIZON CORP,2020-09-30,1,0.004602988098220807,reported,reported,endpoint,
36966,FIRST HORIZON CORP,2020-12-31,1,0.002530750516842524,reported,reported,endpoint,
36966,FIRST HORIZON CORP,2021-03-31,1,0.002001480261443359,reported,reported,endpoint,
36966,FIRST HORIZON CORP,2021-06-30,1,0.0020090617054004,reported,reported,endpoint,
36966,FIRST HORIZON CORP,2021-09-30,1,0.0016955798353168086,reported,reported,endpoint,
36966,FIRST HORIZON CORP,2021-12-31,1,0.0011924026914232177,reported,reported,endpoint,
36966,FIRST HORIZON CORP,2022-03-31,1,0.0009454740800429761,reported,reported,endpoint,
36966,FIRST HORIZON CORP,2022-06-30,1,0.0016089565246539068,reported,reported,endpoint,
36966,FIRST HORIZON CORP,2022-09-30,1,0.0041129630072455105,reported,reported,endpoint,
36966,FIRST HORIZON CORP,2022-12-31,1,0.011168588345278903,reported,reported,endpoint,
36966,FIRST HORIZON CORP,2023-03-31,1,0.01702996427193168,reported,reported,endpoint,
36966,FIRST HORIZON CORP,2023-06-30,1,0.024385194046331868,reported,reported,endpoint,
36966,FIRST HORIZON CORP,2023-09-30,1,0.03414664690780823,reported,reported,endpoint,
36966,FIRST HORIZON CORP,2023-12-31,1,0.03444960415686435,reported,reported,endpoint,
36966,FIRST HORIZON CORP,2024-03-31,1,0.03252065735851369,reported,reported,endpoint,
36966,FIRST HORIZON CORP,2024-06-30,1,0.03264571422727226,reported,reported,endpoint,
36966,FIRST HORIZON CORP,2024-09-30,1,0.035138499529395094,reported,reported,endpoint,
36966,FIRST HORIZON CORP,2024-12-31,1,0.031143980865266256,reported,reported,endpoint,
36966,FIRST HORIZON CORP,2025-03-31,1,0.02687551693504743,reported,reported,endpoint,
36966,FIRST HORIZON CORP,2025-06-30,1,0.027493932162597646,reported,reported,endpoint,
36966,FIRST HORIZON CORP,2025-09-30,1,0.028310161613921178,reported,reported,endpoint,
36966,FIRST HORIZON CORP,2025-12-31,1,0.02546586921061737,reported,reported,endpoint,
36966,FIRST HORIZON CORP,2026-03-31,1,0.022225483003179263,reported,reported,endpoint,
36966,FIRST HORIZON CORP,2026-06-30,1,0.02306867998051632,reported,reported,endpoint,
720005,RAYMOND JAMES FINANCIAL INC,2010-06-30,2,0.002434724061772622,reported,reported,closing_only,
720005,RAYMOND JAMES FINANCIAL INC,2010-12-31,2,0.0019863227408231034,reported,reported,endpoint,
720005,RAYMOND JAMES FINANCIAL INC,2011-03-31,2,0.0019950751808092883,reported,reported,endpoint,
720005,RAYMOND JAMES FINANCIAL INC,2011-06-30,1,0.0016163670421376628,reported,derived_residual,closing_only,
720005,RAYMOND JAMES FINANCIAL INC,2011-12-31,1,0.001165454762149869,reported,derived_residual,endpoint,
720005,RAYMOND JAMES FINANCIAL INC,2012-03-31,1,0.0012004996945134095,reported,derived_residual,endpoint,
720005,RAYMOND JAMES FINANCIAL INC,2012-06-30,1,0.0011915236100341398,reported,derived_residual,endpoint,
720005,RAYMOND JAMES FINANCIAL INC,2012-12-31,1,0.0011326823459608048,reported,derived_residual,endpoint,
720005,RAYMOND JAMES FINANCIAL INC,2013-03-31,1,0.0010718785204343508,reported,derived_residual,endpoint,
720005,RAYMOND JAMES FINANCIAL INC,2013-06-30,1,0.0009634034745073756,reported,derived_residual,endpoint,
720005,RAYMOND JAMES FINANCIAL INC,2013-09-30,1,0.00084860531412464,reported,derived_residual,endpoint,
720005,RAYMOND JAMES FINANCIAL INC,2013-12-31,1,0.0008067556766357334,reported,derived_residual,endpoint,
720005,RAYMOND JAMES FINANCIAL INC,2014-03-31,1,0.0007601077871259145,reported,derived_residual,endpoint,
720005,RAYMOND JAMES FINANCIAL INC,2014-06-30,1,0.0007664721469392914,reported,derived_residual,endpoint,
720005,RAYMOND JAMES FINANCIAL INC,2014-09-30,1,0.0008264572435846134,reported,derived_residual,endpoint,
720005,RAYMOND JAMES FINANCIAL INC,2014-12-31,1,0.0008100410213567296,reported,derived_residual,endpoint,
720005,RAYMOND JAMES FINANCIAL INC,2015-03-31,1,0.000748038088918375,reported,derived_residual,endpoint,
720005,RAYMOND JAMES FINANCIAL INC,2015-06-30,1,0.0007459639114368084,reported,derived_residual,endpoint,
720005,RAYMOND JAMES FINANCIAL INC,2015-09-30,1,0.0007253723456592962,reported,derived_residual,endpoint,
720005,RAYMOND JAMES FINANCIAL INC,2015-12-31,1,0.00065756192550351,reported,derived_residual,endpoint,
720005,RAYMOND JAMES FINANCIAL INC,2016-03-31,1,0.0008674394111340908,reported,derived_residual,endpoint,
720005,RAYMOND JAMES FINANCIAL INC,2016-06-30,1,0.0008265986938198138,reported,derived_residual,endpoint,
720005,RAYMOND JAMES FINANCIAL INC,2016-09-30,1,0.0007760306048856903,reported,derived_residual,endpoint,
720005,RAYMOND JAMES FINANCIAL INC,2016-12-31,1,0.0007562119839084176,reported,derived_residual,endpoint,
720005,RAYMOND JAMES FINANCIAL INC,2017-03-31,1,0.0008615130459184298,reported,derived_residual,endpoint,
720005,RAYMOND JAMES FINANCIAL INC,2017-06-30,1,0.0010396958522162008,reported,derived_residual,endpoint,
720005,RAYMOND JAMES FINANCIAL INC,2017-09-30,1,0.001546913213017077,reported,derived_residual,endpoint,
720005,RAYMOND JAMES FINANCIAL INC,2017-12-31,1,0.0017569271519804577,reported,derived_residual,endpoint,
720005,RAYMOND JAMES FINANCIAL INC,2018-03-31,1,0.002565537181795889,reported,derived_residual,endpoint,
720005,RAYMOND JAMES FINANCIAL INC,2018-06-30,1,0.003982450597831336,reported,derived_residual,endpoint,
720005,RAYMOND JAMES FINANCIAL INC,2018-09-30,1,0.00548353438060547,reported,derived_residual,endpoint,
720005,RAYMOND JAMES FINANCIAL INC,2018-12-31,1,0.0067325494722162114,reported,derived_residual,endpoint,
720005,RAYMOND JAMES FINANCIAL INC,2019-03-31,1,0.006840451100018487,reported,derived_residual,endpoint,
720005,RAYMOND JAMES FINANCIAL INC,2019-06-30,1,0.006032493202019971,reported,derived_residual,endpoint,
720005,RAYMOND JAMES FINANCIAL INC,2019-09-30,1,0.00486278394380783,reported,derived_residual,endpoint,
720005,RAYMOND JAMES FINANCIAL INC,2019-12-31,1,0.0028304181500563874,reported,derived_residual,endpoint,
720005,RAYMOND JAMES FINANCIAL INC,2020-03-31,1,0.0018127230499065314,reported,derived_residual,endpoint,
720005,RAYMOND JAMES FINANCIAL INC,2020-06-30,1,0.001011725172083612,reported,derived_residual,endpoint,
720005,RAYMOND JAMES FINANCIAL INC,2020-09-30,1,0.0009208279778233928,reported,derived_residual,endpoint,
720005,RAYMOND JAMES FINANCIAL INC,2020-12-31,1,0.0008799428037177583,reported,derived_residual,endpoint,
720005,RAYMOND JAMES FINANCIAL INC,2021-03-31,1,0.0008420461721984422,reported,derived_residual,endpoint,
720005,RAYMOND JAMES FINANCIAL INC,2021-06-30,1,0.0006718172657037286,reported,derived_residual,endpoint,
720005,RAYMOND JAMES FINANCIAL INC,2021-09-30,1,0.0007647574285031466,reported,derived_residual,endpoint,
720005,RAYMOND JAMES FINANCIAL INC,2021-12-31,1,0.0007216634342158676,reported,derived_residual,endpoint,
720005,RAYMOND JAMES FINANCIAL INC,2022-03-31,1,0.0005822246805042066,reported,derived_residual,endpoint,
720005,RAYMOND JAMES FINANCIAL INC,2022-06-30,1,0.0019141732566068886,reported,derived_residual,endpoint,
720005,RAYMOND JAMES FINANCIAL INC,2022-09-30,1,0.014752798421450568,reported,reported,endpoint,
720005,RAYMOND JAMES FINANCIAL INC,2022-12-31,1,0.024235165648061715,reported,derived_residual,endpoint,
720005,RAYMOND JAMES FINANCIAL INC,2023-03-31,1,0.05949409780775717,reported,reported,endpoint,
720005,RAYMOND JAMES FINANCIAL INC,2023-06-30,1,0.1020024519820188,reported,reported,endpoint,
720005,RAYMOND JAMES FINANCIAL INC,2023-09-30,1,0.08904871992465108,reported,reported,endpoint,
720005,RAYMOND JAMES FINANCIAL INC,2023-12-31,1,0.08886826980076806,reported,reported,endpoint,
720005,RAYMOND JAMES FINANCIAL INC,2024-03-31,1,0.08561652146479967,reported,reported,endpoint,
720005,RAYMOND JAMES FINANCIAL INC,2024-06-30,1,0.08661245296759315,reported,reported,endpoint,
720005,RAYMOND JAMES FINANCIAL INC,2024-09-30,1,0.0901881359654474,reported,reported,endpoint,
720005,RAYMOND JAMES FINANCIAL INC,2024-12-31,1,0.08212147134302823,reported,reported,endpoint,
720005,RAYMOND JAMES FINANCIAL INC,2025-03-31,1,0.07166029148307752,reported,reported,endpoint,
720005,RAYMOND JAMES FINANCIAL INC,2025-06-30,1,0.07002722237867268,reported,reported,endpoint,
720005,RAYMOND JAMES FINANCIAL INC,2025-09-30,1,0.06971006948373809,reported,reported,endpoint,
720005,RAYMOND JAMES FINANCIAL INC,2025-12-31,1,0.06316406866836607,reported,reported,endpoint,
720005,RAYMOND JAMES FINANCIAL INC,2026-03-31,1,0.05822628853042506,reported,reported,endpoint,
720005,RAYMOND JAMES FINANCIAL INC,2026-06-30,1,0.058875777185636344,reported,reported,endpoint,
763901,"POPULAR, INC.",2009-06-30,1,0.022831223099967917,reported,reported,closing_only,
763901,"POPULAR, INC.",2009-09-30,1,0.021331981757219776,reported,reported,endpoint,
763901,"POPULAR, INC.",2009-12-31,1,0.01944927386146146,reported,reported,endpoint,
763901,"POPULAR, INC.",2010-03-31,1,0.017578062870964806,reported,reported,endpoint,
763901,"POPULAR, INC.",2010-06-30,1,0.0167788885419069,reported,reported,endpoint,
763901,"POPULAR, INC.",2010-09-30,1,0.015454417702495745,reported,reported,endpoint,
763901,"POPULAR, INC.",2010-12-31,1,0.014656579534645182,reported,reported,endpoint,
763901,"POPULAR, INC.",2011-03-31,1,0.013944234669576469,reported,reported,endpoint,
763901,"POPULAR, INC.",2011-06-30,1,0.012597479194003398,reported,reported,endpoint,
763901,"POPULAR, INC.",2011-09-30,1,0.011704062751993096,reported,reported,endpoint,
763901,"POPULAR, INC.",2011-12-31,1,0.01008665510257379,reported,reported,endpoint,
763901,"POPULAR, INC.",2012-03-31,1,0.009371056949607087,reported,reported,endpoint,
763901,"POPULAR, INC.",2012-06-30,1,0.008892998927420093,reported,reported,endpoint,
763901,"POPULAR, INC.",2012-09-30,1,0.00805065162663274,reported,reported,endpoint,
763901,"POPULAR, INC.",2012-12-31,1,0.007771702926517935,reported,reported,endpoint,
763901,"POPULAR, INC.",2013-03-31,1,0.007202074849491263,reported,reported,endpoint,
763901,"POPULAR, INC.",2013-06-30,1,0.00676341690038205,reported,reported,endpoint,
763901,"POPULAR, INC.",2013-09-30,1,0.006134072768250241,reported,reported,endpoint,
763901,"POPULAR, INC.",2013-12-31,1,0.006063789487463148,reported,reported,endpoint,
763901,"POPULAR, INC.",2014-03-31,1,0.005635034415418621,reported,reported,endpoint,
763901,"POPULAR, INC.",2016-03-31,1,0.005696971788890905,reported,reported,endpoint,
763901,"POPULAR, INC.",2016-06-30,1,0.0056469722381343275,reported,reported,endpoint,
763901,"POPULAR, INC.",2016-09-30,1,0.0056795982301141995,reported,reported,endpoint,
763901,"POPULAR, INC.",2016-12-31,1,0.005927083624113422,reported,reported,endpoint,
763901,"POPULAR, INC.",2017-03-31,1,0.0055720674636619725,reported,reported,endpoint,
763901,"POPULAR, INC.",2017-06-30,1,0.005391046138417308,reported,reported,endpoint,
763901,"POPULAR, INC.",2017-09-30,1,0.005653461196528258,reported,reported,endpoint,
763901,"POPULAR, INC.",2017-12-31,1,0.005499385602843008,reported,reported,endpoint,
763901,"POPULAR, INC.",2018-03-31,1,0.005586911856060772,reported,reported,endpoint,
763901,"POPULAR, INC.",2018-06-30,1,0.006193412580362457,reported,reported,endpoint,
763901,"POPULAR, INC.",2018-09-30,1,0.007250851478421807,reported,reported,endpoint,
763901,"POPULAR, INC.",2018-12-31,1,0.008496227360425136,reported,reported,endpoint,
763901,"POPULAR, INC.",2019-03-31,1,0.009081022330457135,reported,reported,endpoint,
763901,"POPULAR, INC.",2019-06-30,1,0.009664440229056314,reported,reported,endpoint,
763901,"POPULAR, INC.",2019-09-30,1,0.009198414955202546,reported,reported,endpoint,
763901,"POPULAR, INC.",2019-12-31,1,0.008780692397765492,reported,reported,endpoint,
763901,"POPULAR, INC.",2020-03-31,1,0.007097342310964874,reported,reported,endpoint,
763901,"POPULAR, INC.",2020-06-30,1,0.0044606341412354545,reported,reported,endpoint,
763901,"POPULAR, INC.",2020-09-30,1,0.0035851355919374116,reported,reported,endpoint,
763901,"POPULAR, INC.",2020-12-31,1,0.003101149531732916,reported,reported,endpoint,
763901,"POPULAR, INC.",2021-03-31,1,0.002738795133730281,reported,reported,endpoint,
763901,"POPULAR, INC.",2021-06-30,1,0.0023830112697706975,reported,reported,endpoint,
763901,"POPULAR, INC.",2021-09-30,1,0.002149703754116727,reported,reported,endpoint,
763901,"POPULAR, INC.",2021-12-31,1,0.002061405311459624,reported,reported,endpoint,
763901,"POPULAR, INC.",2022-03-31,1,0.002021323379371224,reported,reported,endpoint,
763901,"POPULAR, INC.",2022-06-30,1,0.002332766642417837,reported,reported,endpoint,
763901,"POPULAR, INC.",2022-09-30,1,0.005081186540120671,reported,reported,endpoint,
763901,"POPULAR, INC.",2022-12-31,1,0.012053374447227656,reported,reported,endpoint,
763901,"POPULAR, INC.",2023-03-31,1,0.017121455465939257,reported,reported,endpoint,
763901,"POPULAR, INC.",2023-06-30,1,0.02078844068167931,reported,reported,endpoint,
763901,"POPULAR, INC.",2023-09-30,1,0.024301372012362328,reported,reported,endpoint,
763901,"POPULAR, INC.",2023-12-31,1,0.02650754252005077,reported,reported,endpoint,
763901,"POPULAR, INC.",2024-03-31,1,0.027311385370988595,reported,reported,endpoint,
763901,"POPULAR, INC.",2024-06-30,1,0.02764363409305098,reported,reported,endpoint,
763901,"POPULAR, INC.",2024-09-30,1,0.02851994363616991,reported,reported,endpoint,
763901,"POPULAR, INC.",2024-12-31,1,0.02573547528654266,reported,reported,endpoint,
763901,"POPULAR, INC.",2025-03-31,1,0.02373333674358171,reported,reported,endpoint,
763901,"POPULAR, INC.",2025-06-30,1,0.022970352534651385,reported,reported,endpoint,
763901,"POPULAR, INC.",2025-09-30,1,0.02339891300801202,reported,reported,endpoint,
763901,"POPULAR, INC.",2025-12-31,1,0.021968673437771855,reported,reported,endpoint,
763901,"POPULAR, INC.",2026-03-31,1,0.02020558338736498,reported,reported,endpoint,
763901,"POPULAR, INC.",2026-06-30,1,0.020287811552382684,reported,reported,endpoint,
801337,WEBSTER FINANCIAL CORP,2009-12-31,1,0.01201186345743091,reported,reported,closing_only,
801337,WEBSTER FINANCIAL CORP,2010-06-30,1,0.010407208225934952,reported,reported,closing_only,
801337,WEBSTER FINANCIAL CORP,2010-09-30,1,0.00900991879166307,reported,reported,endpoint,
801337,WEBSTER FINANCIAL CORP,2010-12-31,1,0.008229053224715044,reported,reported,endpoint,
801337,WEBSTER FINANCIAL CORP,2011-03-31,1,0.007806692389824951,reported,reported,endpoint,
801337,WEBSTER FINANCIAL CORP,2011-06-30,1,0.00748804419115169,reported,reported,endpoint,
801337,WEBSTER FINANCIAL CORP,2011-09-30,1,0.0066753290786485476,reported,reported,endpoint,
801337,WEBSTER FINANCIAL CORP,2012-03-31,1,0.005674654469128361,reported,reported,endpoint,
801337,WEBSTER FINANCIAL CORP,2012-06-30,1,0.005295304524058778,reported,reported,endpoint,
801337,WEBSTER FINANCIAL CORP,2012-09-30,1,0.005060735877208863,reported,reported,endpoint,
801337,WEBSTER FINANCIAL CORP,2013-03-31,1,0.004388617923038754,reported,reported,endpoint,
801337,WEBSTER FINANCIAL CORP,2013-06-30,1,0.004066664688124715,reported,reported,endpoint,
801337,WEBSTER FINANCIAL CORP,2013-09-30,1,0.0036496773178184127,reported,reported,endpoint,
801337,WEBSTER FINANCIAL CORP,2013-12-31,1,0.0036368118091320346,reported,reported,endpoint,
801337,WEBSTER FINANCIAL CORP,2014-03-31,1,0.003587215439181128,reported,reported,endpoint,
801337,WEBSTER FINANCIAL CORP,2014-06-30,1,0.003622401453367152,reported,reported,endpoint,
801337,WEBSTER FINANCIAL CORP,2014-09-30,1,0.0037437570705901153,reported,reported,endpoint,
801337,WEBSTER FINANCIAL CORP,2014-12-31,1,0.003720836991140336,reported,reported,endpoint,
801337,WEBSTER FINANCIAL CORP,2015-03-31,1,0.0035312744150456706,reported,reported,endpoint,
801337,WEBSTER FINANCIAL CORP,2015-06-30,1,0.0033138133549867606,reported,reported,endpoint,
801337,WEBSTER FINANCIAL CORP,2015-09-30,1,0.0033062241433490084,reported,reported,endpoint,
801337,WEBSTER FINANCIAL CORP,2015-12-31,1,0.0032474593144368896,reported,reported,endpoint,
801337,WEBSTER FINANCIAL CORP,2016-03-31,1,0.003353666818764187,reported,reported,endpoint,
801337,WEBSTER FINANCIAL CORP,2016-06-30,1,0.0033031573862799513,reported,reported,endpoint,
801337,WEBSTER FINANCIAL CORP,2016-09-30,1,0.003349786359355553,reported,reported,endpoint,
801337,WEBSTER FINANCIAL CORP,2016-12-31,1,0.003303645522062775,reported,reported,endpoint,
801337,WEBSTER FINANCIAL CORP,2017-03-31,1,0.003400039764142013,reported,reported,endpoint,
801337,WEBSTER FINANCIAL CORP,2017-06-30,1,0.003589888773426239,reported,reported,endpoint,
801337,WEBSTER FINANCIAL CORP,2017-09-30,1,0.004050717716908184,reported,reported,endpoint,
801337,WEBSTER FINANCIAL CORP,2017-12-31,1,0.004147824018321167,reported,reported,endpoint,
801337,WEBSTER FINANCIAL CORP,2018-03-31,1,0.004257938408871667,reported,reported,endpoint,
801337,WEBSTER FINANCIAL CORP,2018-06-30,1,0.004689563232108425,reported,reported,endpoint,
801337,WEBSTER FINANCIAL CORP,2018-09-30,1,0.005583122593645013,reported,reported,endpoint,
801337,WEBSTER FINANCIAL CORP,2018-12-31,1,0.006232834516512181,reported,reported,endpoint,
801337,WEBSTER FINANCIAL CORP,2019-03-31,1,0.006850861228843418,reported,reported,endpoint,
801337,WEBSTER FINANCIAL CORP,2019-06-30,1,0.007092033516174879,reported,reported,endpoint,
801337,WEBSTER FINANCIAL CORP,2019-09-30,1,0.007315963995167666,reported,reported,endpoint,
801337,WEBSTER FINANCIAL CORP,2019-12-31,1,0.006672988921916222,reported,reported,endpoint,
801337,WEBSTER FINANCIAL CORP,2020-03-31,1,0.005784253754296044,reported,reported,endpoint,
801337,WEBSTER FINANCIAL CORP,2020-06-30,1,0.0037805985282555136,reported,reported,endpoint,
801337,WEBSTER FINANCIAL CORP,2020-09-30,1,0.002461389432158894,reported,reported,endpoint,
801337,WEBSTER FINANCIAL CORP,2020-12-31,1,0.0016492395322868403,reported,reported,endpoint,
801337,WEBSTER FINANCIAL CORP,2021-03-31,1,0.0011984673242695404,reported,reported,endpoint,
801337,WEBSTER FINANCIAL CORP,2021-06-30,1,0.0009283483934426692,reported,reported,endpoint,
801337,WEBSTER FINANCIAL CORP,2021-09-30,1,0.0008132170453121433,reported,reported,endpoint,
801337,WEBSTER FINANCIAL CORP,2021-12-31,1,0.0007055932523418168,reported,reported,endpoint,
801337,WEBSTER FINANCIAL CORP,2022-03-31,1,0.0009310999560467716,reported,reported,endpoint,
801337,WEBSTER FINANCIAL CORP,2022-06-30,1,0.0012414527129102238,reported,reported,endpoint,
801337,WEBSTER FINANCIAL CORP,2022-09-30,1,0.0037651983276943734,reported,reported,endpoint,
801337,WEBSTER FINANCIAL CORP,2022-12-31,1,0.007996411550984977,reported,reported,endpoint,
801337,WEBSTER FINANCIAL CORP,2023-03-31,1,0.014242500102851201,reported,reported,endpoint,
801337,WEBSTER FINANCIAL CORP,2023-06-30,1,0.02213603455290399,reported,reported,endpoint,
801337,WEBSTER FINANCIAL CORP,2023-09-30,1,0.02436633529939941,reported,reported,endpoint,
801337,WEBSTER FINANCIAL CORP,2023-12-31,1,0.026333763455322654,reported,reported,endpoint,
801337,WEBSTER FINANCIAL CORP,2024-03-31,1,0.026720828204025805,reported,reported,endpoint,
801337,WEBSTER FINANCIAL CORP,2024-06-30,1,0.028109572266292685,reported,reported,endpoint,
801337,WEBSTER FINANCIAL CORP,2024-09-30,1,0.027992370867249778,reported,reported,endpoint,
801337,WEBSTER FINANCIAL CORP,2024-12-31,1,0.0265340843480869,reported,reported,endpoint,
801337,WEBSTER FINANCIAL CORP,2025-03-31,1,0.023764452376089828,reported,reported,endpoint,
801337,WEBSTER FINANCIAL CORP,2025-06-30,1,0.024396659094339253,reported,reported,endpoint,
801337,WEBSTER FINANCIAL CORP,2025-09-30,1,0.02502396497219287,reported,reported,endpoint,
801337,WEBSTER FINANCIAL CORP,2025-12-31,1,0.02365597408085491,reported,reported,endpoint,
801337,WEBSTER FINANCIAL CORP,2026-03-31,1,0.021489782293140594,reported,reported,endpoint,
801337,WEBSTER FINANCIAL CORP,2026-06-30,1,0.021886795781825636,reported,reported,endpoint,
1212545,WESTERN ALLIANCE BANCORPORATION,2010-12-31,1,0.00888480407887677,reported,reported,closing_only,
1212545,WESTERN ALLIANCE BANCORPORATION,2011-06-30,1,0.0074154069619648474,reported,reported,closing_only,
1212545,WESTERN ALLIANCE BANCORPORATION,2011-09-30,1,0.006823882121394635,reported,reported,endpoint,
1212545,WESTERN ALLIANCE BANCORPORATION,2011-12-31,1,0.005404334083096628,reported,reported,endpoint,
1212545,WESTERN ALLIANCE BANCORPORATION,2012-03-31,1,0.004622368643606108,reported,reported,endpoint,
1212545,WESTERN ALLIANCE BANCORPORATION,2012-06-30,1,0.004017018356559532,reported,reported,endpoint,
1212545,WESTERN ALLIANCE BANCORPORATION,2012-09-30,1,0.003748824512633357,reported,reported,endpoint,
1212545,WESTERN ALLIANCE BANCORPORATION,2012-12-31,1,0.0035190841334764187,reported,reported,endpoint,
1212545,WESTERN ALLIANCE BANCORPORATION,2013-03-31,1,0.003201202252164157,reported,reported,endpoint,
1212545,WESTERN ALLIANCE BANCORPORATION,2013-06-30,1,0.0031793787870941013,reported,reported,endpoint,
1212545,WESTERN ALLIANCE BANCORPORATION,2013-09-30,1,0.003260225737120996,reported,reported,endpoint,
1212545,WESTERN ALLIANCE BANCORPORATION,2013-12-31,1,0.0032479488502895376,reported,reported,endpoint,
1212545,WESTERN ALLIANCE BANCORPORATION,2014-03-31,1,0.0031914918180394715,reported,reported,endpoint,
1212545,WESTERN ALLIANCE BANCORPORATION,2014-06-30,1,0.0032206353225792093,reported,reported,endpoint,
1212545,WESTERN ALLIANCE BANCORPORATION,2014-09-30,1,0.003273014032525577,reported,reported,endpoint,
1212545,WESTERN ALLIANCE BANCORPORATION,2014-12-31,1,0.0032045475860042224,reported,reported,endpoint,
1212545,WESTERN ALLIANCE BANCORPORATION,2015-03-31,1,0.003016436973041254,reported,reported,endpoint,
1212545,WESTERN ALLIANCE BANCORPORATION,2015-06-30,1,0.002960965384053349,reported,reported,endpoint,
1212545,WESTERN ALLIANCE BANCORPORATION,2015-09-30,1,0.0029570008126424303,reported,reported,endpoint,
1212545,WESTERN ALLIANCE BANCORPORATION,2015-12-31,1,0.0029668530323040234,reported,reported,endpoint,
1212545,WESTERN ALLIANCE BANCORPORATION,2016-03-31,1,0.0030485015349019672,reported,reported,endpoint,
1212545,WESTERN ALLIANCE BANCORPORATION,2016-06-30,1,0.003535653726970676,reported,reported,endpoint,
1212545,WESTERN ALLIANCE BANCORPORATION,2016-09-30,1,0.003639191026139046,reported,reported,endpoint,
1212545,WESTERN ALLIANCE BANCORPORATION,2016-12-31,1,0.0034863840048545043,reported,reported,endpoint,
1212545,WESTERN ALLIANCE BANCORPORATION,2017-03-31,1,0.0037059801278270174,reported,reported,endpoint,
1212545,WESTERN ALLIANCE BANCORPORATION,2017-06-30,1,0.0041903862568364635,reported,reported,endpoint,
1212545,WESTERN ALLIANCE BANCORPORATION,2017-09-30,1,0.0049595332260081795,reported,reported,endpoint,
1212545,WESTERN ALLIANCE BANCORPORATION,2017-12-31,1,0.005291939624996058,reported,reported,endpoint,
1212545,WESTERN ALLIANCE BANCORPORATION,2018-03-31,1,0.0058472270125138,reported,reported,endpoint,
1212545,WESTERN ALLIANCE BANCORPORATION,2018-06-30,1,0.007942727846225843,reported,reported,endpoint,
1212545,WESTERN ALLIANCE BANCORPORATION,2018-09-30,1,0.009609818856949398,reported,reported,endpoint,
1212545,WESTERN ALLIANCE BANCORPORATION,2018-12-31,1,0.011041083881258294,reported,reported,endpoint,
1212545,WESTERN ALLIANCE BANCORPORATION,2019-03-31,1,0.011806017025910814,reported,reported,endpoint,
1212545,WESTERN ALLIANCE BANCORPORATION,2019-06-30,1,0.013249412165669843,reported,reported,endpoint,
1212545,WESTERN ALLIANCE BANCORPORATION,2019-09-30,1,0.013113854582888211,reported,reported,endpoint,
1212545,WESTERN ALLIANCE BANCORPORATION,2019-12-31,1,0.010698638332023022,reported,reported,endpoint,
1212545,WESTERN ALLIANCE BANCORPORATION,2020-03-31,1,0.008903270181410636,reported,reported,endpoint,
1212545,WESTERN ALLIANCE BANCORPORATION,2020-06-30,1,0.0039665797148320065,reported,reported,endpoint,
1212545,WESTERN ALLIANCE BANCORPORATION,2020-09-30,1,0.003134333855947108,reported,reported,endpoint,
1212545,WESTERN ALLIANCE BANCORPORATION,2020-12-31,1,0.0024958027653378015,reported,reported,endpoint,
1212545,WESTERN ALLIANCE BANCORPORATION,2021-03-31,1,0.0021974947542442932,reported,reported,endpoint,
1212545,WESTERN ALLIANCE BANCORPORATION,2021-06-30,1,0.002175049278460215,reported,reported,endpoint,
1212545,WESTERN ALLIANCE BANCORPORATION,2021-09-30,1,0.002137281221899313,reported,reported,endpoint,
1212545,WESTERN ALLIANCE BANCORPORATION,2021-12-31,1,0.0020283895300237304,reported,reported,endpoint,
1212545,WESTERN ALLIANCE BANCORPORATION,2022-03-31,1,0.0020547159191301703,reported,reported,endpoint,
1212545,WESTERN ALLIANCE BANCORPORATION,2022-06-30,1,0.0036977593420444445,reported,reported,endpoint,
1212545,WESTERN ALLIANCE BANCORPORATION,2022-09-30,1,0.010235104032710126,reported,reported,endpoint,
1212545,WESTERN ALLIANCE BANCORPORATION,2022-12-31,1,0.01951219512195122,reported,reported,endpoint,
1212545,WESTERN ALLIANCE BANCORPORATION,2023-03-31,1,0.02847176334998079,reported,reported,endpoint,
1212545,WESTERN ALLIANCE BANCORPORATION,2023-06-30,1,0.030701513067400276,reported,reported,endpoint,
1212545,WESTERN ALLIANCE BANCORPORATION,2023-09-30,1,0.03582799841368761,reported,reported,endpoint,
1212545,WESTERN ALLIANCE BANCORPORATION,2023-12-31,1,0.03565861313205981,reported,reported,endpoint,
1212545,WESTERN ALLIANCE BANCORPORATION,2024-03-31,1,0.035972684955459466,reported,reported,endpoint,
1212545,WESTERN ALLIANCE BANCORPORATION,2024-06-30,1,0.037067904371492134,reported,reported,endpoint,
1212545,WESTERN ALLIANCE BANCORPORATION,2024-09-30,1,0.03846145084683987,reported,reported,endpoint,
1212545,WESTERN ALLIANCE BANCORPORATION,2024-12-31,1,0.03420117036546318,reported,reported,endpoint,
1212545,WESTERN ALLIANCE BANCORPORATION,2025-03-31,1,0.03192135684752342,reported,reported,endpoint,
1212545,WESTERN ALLIANCE BANCORPORATION,2025-06-30,1,0.031673705500770255,reported,reported,endpoint,
1212545,WESTERN ALLIANCE BANCORPORATION,2025-09-30,1,0.032266102158433695,reported,reported,endpoint,
1212545,WESTERN ALLIANCE BANCORPORATION,2025-12-31,1,0.029664007735073723,reported,reported,endpoint,
1212545,WESTERN ALLIANCE BANCORPORATION,2026-03-31,1,0.026855031595797153,reported,reported,endpoint,
1212545,WESTERN ALLIANCE BANCORPORATION,2026-06-30,1,0.027267960146827478,reported,reported,endpoint,
1069157,EAST WEST BANCORP INC,2011-03-31,1,0.007858569343851653,reported,reported,endpoint,
1069157,EAST WEST BANCORP INC,2011-06-30,1,0.008483776815509672,reported,reported,endpoint,
1069157,EAST WEST BANCORP INC,2011-09-30,1,0.008086194083130379,reported,reported,endpoint,
1069157,EAST WEST BANCORP INC,2011-12-31,1,0.006821326814322491,reported,reported,endpoint,
1069157,EAST WEST BANCORP INC,2012-03-31,1,0.005842807569875305,reported,reported,endpoint,
1069157,EAST WEST BANCORP INC,2012-06-30,1,0.00564814462336879,reported,reported,endpoint,
1069157,EAST WEST BANCORP INC,2012-09-30,1,0.0053808926356053045,reported,reported,endpoint,
1069157,EAST WEST BANCORP INC,2012-12-31,1,0.005373662742490301,reported,reported,endpoint,
1069157,EAST WEST BANCORP INC,2013-03-31,1,0.004837776333646399,reported,reported,endpoint,
1069157,EAST WEST BANCORP INC,2013-06-30,1,0.004456701143470351,reported,reported,endpoint,
1069157,EAST WEST BANCORP INC,2013-09-30,1,0.004200713946097654,reported,reported,endpoint,
1069157,EAST WEST BANCORP INC,2013-12-31,1,0.004331202284068636,reported,reported,endpoint,
1069157,EAST WEST BANCORP INC,2014-03-31,1,0.00412757995675553,reported,reported,endpoint,
1069157,EAST WEST BANCORP INC,2014-06-30,1,0.0038709209834486367,reported,reported,endpoint,
1069157,EAST WEST BANCORP INC,2014-09-30,1,0.004219999509330981,reported,reported,endpoint,
1069157,EAST WEST BANCORP INC,2014-12-31,1,0.004070471346629414,reported,reported,endpoint,
1069157,EAST WEST BANCORP INC,2015-03-31,1,0.004030420850555301,reported,reported,endpoint,
1069157,EAST WEST BANCORP INC,2015-06-30,1,0.004174951700948634,reported,reported,endpoint,
1069157,EAST WEST BANCORP INC,2015-09-30,1,0.004091721486202551,reported,reported,endpoint,
1069157,EAST WEST BANCORP INC,2015-12-31,1,0.004263623670486915,reported,reported,endpoint,
1069157,EAST WEST BANCORP INC,2016-03-31,1,0.004067465610542065,reported,reported,endpoint,
1069157,EAST WEST BANCORP INC,2016-06-30,1,0.004302049648192506,reported,reported,endpoint,
1069157,EAST WEST BANCORP INC,2016-09-30,1,0.004454993603843837,reported,reported,endpoint,
1069157,EAST WEST BANCORP INC,2016-12-31,1,0.004851728762345728,reported,reported,endpoint,
1069157,EAST WEST BANCORP INC,2017-03-31,1,0.004783301363999646,reported,reported,endpoint,
1069157,EAST WEST BANCORP INC,2017-06-30,1,0.005331941974789052,reported,reported,endpoint,
1069157,EAST WEST BANCORP INC,2017-09-30,1,0.006063631705473222,reported,reported,endpoint,
1069157,EAST WEST BANCORP INC,2017-12-31,1,0.0067411922674989215,reported,reported,endpoint,
1069157,EAST WEST BANCORP INC,2018-03-31,1,0.0075311146058276175,reported,reported,endpoint,
1069157,EAST WEST BANCORP INC,2018-06-30,1,0.009563999884332782,reported,reported,endpoint,
1069157,EAST WEST BANCORP INC,2018-09-30,1,0.011594339068228817,reported,reported,endpoint,
1069157,EAST WEST BANCORP INC,2018-12-31,1,0.013530651279763582,reported,reported,endpoint,
1069157,EAST WEST BANCORP INC,2019-03-31,1,0.014625715880943446,reported,reported,endpoint,
1069157,EAST WEST BANCORP INC,2019-06-30,1,0.015030659332973066,reported,reported,endpoint,
1069157,EAST WEST BANCORP INC,2019-09-30,1,0.014972827824097805,reported,reported,endpoint,
1069157,EAST WEST BANCORP INC,2019-12-31,1,0.013668859430400464,reported,reported,endpoint,
1069157,EAST WEST BANCORP INC,2020-03-31,1,0.011511290188682827,reported,reported,endpoint,
1069157,EAST WEST BANCORP INC,2020-06-30,1,0.006927056578159233,reported,reported,endpoint,
1069157,EAST WEST BANCORP INC,2020-09-30,1,0.005055050211733885,reported,reported,endpoint,
1069157,EAST WEST BANCORP INC,2020-12-31,1,0.004069696995606786,reported,reported,endpoint,
1069157,EAST WEST BANCORP INC,2021-03-31,1,0.002949303075608379,reported,reported,endpoint,
1069157,EAST WEST BANCORP INC,2021-06-30,1,0.0023452572293583517,reported,reported,endpoint,
1069157,EAST WEST BANCORP INC,2021-09-30,1,0.002096262245951056,reported,reported,endpoint,
1069157,EAST WEST BANCORP INC,2021-12-31,1,0.0017623896020331747,reported,reported,endpoint,
1069157,EAST WEST BANCORP INC,2022-03-31,1,0.0017171092289647138,reported,reported,endpoint,
1069157,EAST WEST BANCORP INC,2022-06-30,1,0.002933610431328006,reported,reported,endpoint,
1069157,EAST WEST BANCORP INC,2022-09-30,1,0.008675939617064636,reported,reported,endpoint,
1069157,EAST WEST BANCORP INC,2022-12-31,1,0.017574234649198696,reported,reported,endpoint,
1069157,EAST WEST BANCORP INC,2023-03-31,1,0.024315558851120297,reported,reported,endpoint,
1069157,EAST WEST BANCORP INC,2023-06-30,1,0.03053078606376886,reported,reported,endpoint,
1069157,EAST WEST BANCORP INC,2023-09-30,1,0.03477029020867894,reported,reported,endpoint,
1069157,EAST WEST BANCORP INC,2023-12-31,1,0.03654013862372244,reported,reported,endpoint,
1069157,EAST WEST BANCORP INC,2024-03-31,1,0.03854142685206179,reported,reported,endpoint,
1069157,EAST WEST BANCORP INC,2024-06-30,1,0.03885530075217973,reported,reported,endpoint,
1069157,EAST WEST BANCORP INC,2024-09-30,1,0.039447433518744565,reported,reported,endpoint,
1069157,EAST WEST BANCORP INC,2024-12-31,1,0.03617900195881417,reported,reported,endpoint,
1069157,EAST WEST BANCORP INC,2025-03-31,1,0.032799381425560964,reported,reported,endpoint,
1069157,EAST WEST BANCORP INC,2025-06-30,1,0.03288846371791329,reported,reported,endpoint,
1069157,EAST WEST BANCORP INC,2025-09-30,1,0.033169349296398164,reported,reported,endpoint,
1069157,EAST WEST BANCORP INC,2025-12-31,1,0.03073040762262444,reported,reported,endpoint,
1069157,EAST WEST BANCORP INC,2026-03-31,1,0.02792357863697586,reported,reported,endpoint,
1069157,EAST WEST BANCORP INC,2026-06-30,1,0.027868762098973585,reported,reported,endpoint,
1171825,CIT GROUP INC,2010-06-30,2,0.015545031748391345,reported,reported,closing_only,
1171825,CIT GROUP INC,2010-09-30,2,0.019963148196893918,reported,reported,endpoint,
1171825,CIT GROUP INC,2010-12-31,2,0.021105010295126972,reported,reported,endpoint,
1171825,CIT GROUP INC,2011-03-31,2,0.02210445259772614,reported,reported,endpoint,
1171825,CIT GROUP INC,2011-06-30,2,0.023020395061162255,reported,reported,endpoint,
1171825,CIT GROUP INC,2011-09-30,2,0.024203685948652392,reported,reported,endpoint,
1171825,CIT GROUP INC,2011-12-31,2,0.023886806663916935,reported,reported,endpoint,
1171825,CIT GROUP INC,2012-03-31,2,0.022324036776236893,reported,reported,endpoint,
1171825,CIT GROUP INC,2012-06-30,2,0.020202742822803918,reported,reported,endpoint,
1171825,CIT GROUP INC,2012-09-30,2,0.019353741282311362,reported,reported,endpoint,
1171825,CIT GROUP INC,2012-12-31,2,0.018484489338798944,reported,reported,endpoint,
1171825,CIT GROUP INC,2013-03-31,2,0.01659930149511439,reported,reported,endpoint,
1171825,CIT GROUP INC,2013-06-30,2,0.01638534828008705,reported,reported,endpoint,
1171825,CIT GROUP INC,2013-09-30,2,0.015423851262544936,reported,reported,endpoint,
1171825,CIT GROUP INC,2013-12-31,2,0.01591280833120998,reported,reported,endpoint,
1171825,CIT GROUP INC,2014-03-31,2,0.016145715863399156,reported,reported,endpoint,
1171825,CIT GROUP INC,2014-06-30,2,0.01654360944106339,reported,reported,endpoint,
1171825,CIT GROUP INC,2014-09-30,2,0.0166630310109703,reported,reported,endpoint,
1171825,CIT GROUP INC,2014-12-31,1,0.03584420691883085,reported,reported,closing_only,
1171825,CIT GROUP INC,2015-03-31,2,0.01693786687204853,reported,reported,endpoint,
1171825,CIT GROUP INC,2015-06-30,2,0.01699013419146846,reported,reported,endpoint,
1171825,CIT GROUP INC,2015-09-30,1,0.043438782551846876,reported,reported,closing_only,
1171825,CIT GROUP INC,2015-12-31,2,0.01219452229925751,reported,reported,endpoint,
1171825,CIT GROUP INC,2016-03-31,2,0.012126899779400114,reported,reported,endpoint,
1171825,CIT GROUP INC,2016-06-30,2,0.012096081094853538,reported,reported,endpoint,
1171825,CIT GROUP INC,2016-09-30,2,0.01210088534898089,reported,reported,endpoint,
1171825,CIT GROUP INC,2016-12-31,2,0.011848486708821904,reported,reported,endpoint,
1171825,CIT GROUP INC,2017-03-31,2,0.01163357337891879,reported,reported,endpoint,
1171825,CIT GROUP INC,2017-06-30,2,0.011963099024362484,reported,reported,endpoint,
1171825,CIT GROUP INC,2017-09-30,2,0.012240642303250017,reported,reported,endpoint,
1171825,CIT GROUP INC,2017-12-31,2,0.012453519031843689,reported,reported,endpoint,
1171825,CIT GROUP INC,2018-03-31,2,0.012911547258124568,reported,reported,endpoint,
1171825,CIT GROUP INC,2018-06-30,2,0.0143229229900073,reported,reported,endpoint,
1171825,CIT GROUP INC,2018-09-30,2,0.015882282739467988,reported,reported,endpoint,
1171825,CIT GROUP INC,2018-12-31,1,0.01754089152663955,reported,reported,closing_only,
1171825,CIT GROUP INC,2019-03-31,2,0.01858933198365275,reported,reported,endpoint,
1171825,CIT GROUP INC,2019-06-30,2,0.019796964427507422,reported,reported,endpoint,
1171825,CIT GROUP INC,2019-09-30,2,0.01951865952405018,reported,reported,endpoint,
1171825,CIT GROUP INC,2019-12-31,1,0.019483461712732214,reported,reported,closing_only,
1171825,CIT GROUP INC,2020-03-31,1,0.017180778044589385,reported,reported,endpoint,
1171825,CIT GROUP INC,2020-06-30,1,0.013480172669023016,reported,reported,endpoint,
1171825,CIT GROUP INC,2020-09-30,1,0.0097833931167857,reported,reported,endpoint,
1171825,CIT GROUP INC,2020-12-31,1,0.007639085177766035,reported,reported,endpoint,
1171825,CIT GROUP INC,2021-03-31,2,0.0057534816437377415,reported,reported,endpoint,
1171825,CIT GROUP INC,2021-06-30,2,0.004869399020597702,reported,reported,endpoint,
1171825,CIT GROUP INC,2021-09-30,2,0.004642471993649726,reported,reported,endpoint,
1015780,E TRADE FINANCIAL CORP,2010-06-30,2,0.0027195808008534366,reported,reported,closing_only,
1015780,E TRADE FINANCIAL CORP,2010-09-30,2,0.0022501749630777215,reported,reported,endpoint,
1015780,E TRADE FINANCIAL CORP,2010-12-31,2,0.0021413642020090937,reported,reported,endpoint,
1015780,E TRADE FINANCIAL CORP,2011-03-31,2,0.001917365851122923,reported,reported,endpoint,
1015780,E TRADE FINANCIAL CORP,2011-06-30,2,0.0018033583913304257,reported,reported,endpoint,
1015780,E TRADE FINANCIAL CORP,2011-09-30,2,0.0015988455211149294,reported,reported,endpoint,
1015780,E TRADE FINANCIAL CORP,2011-12-31,2,0.0013385202411146917,reported,reported,endpoint,
1015780,E TRADE FINANCIAL CORP,2012-03-31,2,0.001190834492937923,reported,reported,endpoint,
1015780,E TRADE FINANCIAL CORP,2012-06-30,2,0.0009199114847838904,reported,reported,endpoint,
1015780,E TRADE FINANCIAL CORP,2012-09-30,2,0.0008254012356403766,reported,reported,endpoint,
1015780,E TRADE FINANCIAL CORP,2012-12-31,2,0.00043977457867192736,reported,reported,endpoint,
1015780,E TRADE FINANCIAL CORP,2013-03-31,2,0.0004422308334392845,reported,reported,endpoint,
1015780,E TRADE FINANCIAL CORP,2013-06-30,2,0.0004666875055601441,reported,reported,endpoint,
1015780,E TRADE FINANCIAL CORP,2013-09-30,2,0.0006223462281656633,reported,reported,endpoint,
1015780,E TRADE FINANCIAL CORP,2013-12-31,2,0.00046295584537405936,reported,reported,endpoint,
1015780,E TRADE FINANCIAL CORP,2014-03-31,2,0.0003093580819798917,reported,reported,endpoint,
1015780,E TRADE FINANCIAL CORP,2014-06-30,2,0.0003147561623354907,reported,reported,endpoint,
1015780,E TRADE FINANCIAL CORP,2014-09-30,2,0.0003199296154845934,reported,reported,endpoint,
1015780,E TRADE FINANCIAL CORP,2014-12-31,2,0.00032117550233855914,reported,reported,endpoint,
1015780,E TRADE FINANCIAL CORP,2015-03-31,2,0.00031273210585981785,reported,reported,endpoint,
1015780,E TRADE FINANCIAL CORP,2015-06-30,2,0.0001524215981404565,reported,reported,endpoint,
1015780,E TRADE FINANCIAL CORP,2015-09-30,2,0.00015436863229391788,reported,reported,endpoint,
1015780,E TRADE FINANCIAL CORP,2015-12-31,2,0.0,reported,reported,endpoint,
1015780,E TRADE FINANCIAL CORP,2016-03-31,2,0.00013056108626823776,reported,reported,endpoint,
1015780,E TRADE FINANCIAL CORP,2016-06-30,2,0.0001234701279459201,reported,reported,endpoint,
1015780,E TRADE FINANCIAL CORP,2016-09-30,2,0.00012372218184067676,reported,reported,endpoint,
1015780,E TRADE FINANCIAL CORP,2016-12-31,2,0.0,reported,reported,endpoint,
1015780,E TRADE FINANCIAL CORP,2017-03-31,2,0.00011583123389221904,reported,reported,endpoint,
1015780,E TRADE FINANCIAL CORP,2017-06-30,2,0.0001032844453625284,reported,reported,endpoint,
1015780,E TRADE FINANCIAL CORP,2017-09-30,2,9.802119708386938e-05,reported,reported,endpoint,
1015780,E TRADE FINANCIAL CORP,2017-12-31,2,9.491605861066619e-05,reported,reported,endpoint,
1015780,E TRADE FINANCIAL CORP,2018-03-31,2,0.0001868198589510065,reported,reported,endpoint,
1015780,E TRADE FINANCIAL CORP,2018-06-30,2,0.0006544655587499708,reported,reported,endpoint,
1015780,E TRADE FINANCIAL CORP,2018-09-30,2,0.0013063052555459657,reported,reported,endpoint,
1015780,E TRADE FINANCIAL CORP,2018-12-31,2,0.0025343093441343185,reported,reported,endpoint,
1015780,E TRADE FINANCIAL CORP,2019-03-31,2,0.003055400966816163,reported,reported,endpoint,
1015780,E TRADE FINANCIAL CORP,2019-06-30,2,0.0016624911968782109,reported,reported,endpoint,
1015780,E TRADE FINANCIAL CORP,2019-09-30,2,0.0010908504915025227,reported,reported,endpoint,
1015780,E TRADE FINANCIAL CORP,2019-12-31,X,0.0020256241454398136,summed_components,reported,endpoint,0.3448275862068966
1015780,E TRADE FINANCIAL CORP,2020-03-31,X,0.0002972062611452348,summed_components,reported,endpoint,0.07142857142857142
1015780,E TRADE FINANCIAL CORP,2020-06-30,X,0.0,summed_components,reported,endpoint,0.0
1378946,"PEOPLE'S UNITED FINANCIAL, INC.",2008-12-31,1,0.01968276856524874,reported,derived_residual,closing_only,
1378946,"PEOPLE'S UNITED FINANCIAL, INC.",2009-06-30,1,0.015982787767020133,reported,derived_residual,closing_only,
1378946,"PEOPLE'S UNITED FINANCIAL, INC.",2009-09-30,1,0.014424994272428745,reported,derived_residual,endpoint,
1378946,"PEOPLE'S UNITED FINANCIAL, INC.",2009-12-31,1,0.012070168360356726,reported,derived_residual,endpoint,
1378946,"PEOPLE'S UNITED FINANCIAL, INC.",2010-03-31,1,0.00989146860832532,reported,derived_residual,endpoint,
1378946,"PEOPLE'S UNITED FINANCIAL, INC.",2010-06-30,1,0.009470431435301033,reported,derived_residual,endpoint,
1378946,"PEOPLE'S UNITED FINANCIAL, INC.",2010-09-30,1,0.008953444521489483,reported,derived_residual,endpoint,
1378946,"PEOPLE'S UNITED FINANCIAL, INC.",2011-03-31,1,0.007497947577789444,reported,derived_residual,endpoint,
1378946,"PEOPLE'S UNITED FINANCIAL, INC.",2011-06-30,1,0.007367433293682217,reported,derived_residual,endpoint,
1378946,"PEOPLE'S UNITED FINANCIAL, INC.",2011-09-30,1,0.007447256763774975,reported,derived_residual,endpoint,
1378946,"PEOPLE'S UNITED FINANCIAL, INC.",2011-12-31,1,0.006359964148464646,reported,derived_residual,endpoint,
1378946,"PEOPLE'S UNITED FINANCIAL, INC.",2012-03-31,1,0.0056101663013582185,reported,derived_residual,endpoint,
1378946,"PEOPLE'S UNITED FINANCIAL, INC.",2012-06-30,1,0.0056715090780192975,reported,derived_residual,endpoint,
1378946,"PEOPLE'S UNITED FINANCIAL, INC.",2012-09-30,1,0.005313410049197128,reported,derived_residual,endpoint,
1378946,"PEOPLE'S UNITED FINANCIAL, INC.",2012-12-31,1,0.005288159630309567,reported,derived_residual,endpoint,
1378946,"PEOPLE'S UNITED FINANCIAL, INC.",2013-03-31,1,0.004972582067028255,reported,derived_residual,endpoint,
1378946,"PEOPLE'S UNITED FINANCIAL, INC.",2013-06-30,1,0.004871803250443364,reported,derived_residual,endpoint,
1378946,"PEOPLE'S UNITED FINANCIAL, INC.",2013-09-30,1,0.004736418878517336,reported,derived_residual,endpoint,
1378946,"PEOPLE'S UNITED FINANCIAL, INC.",2013-12-31,1,0.004590870692417489,reported,derived_residual,endpoint,
1378946,"PEOPLE'S UNITED FINANCIAL, INC.",2014-03-31,1,0.004344669619391183,reported,derived_residual,endpoint,
1378946,"PEOPLE'S UNITED FINANCIAL, INC.",2014-06-30,1,0.004278063253445388,reported,derived_residual,endpoint,
1378946,"PEOPLE'S UNITED FINANCIAL, INC.",2014-09-30,1,0.004218517097263446,reported,derived_residual,endpoint,
1378946,"PEOPLE'S UNITED FINANCIAL, INC.",2014-12-31,1,0.004313686512275121,reported,derived_residual,endpoint,
1378946,"PEOPLE'S UNITED FINANCIAL, INC.",2015-03-31,1,0.00424158906739971,reported,derived_residual,endpoint,
1378946,"PEOPLE'S UNITED FINANCIAL, INC.",2015-06-30,1,0.00445379306167991,reported,derived_residual,endpoint,
1378946,"PEOPLE'S UNITED FINANCIAL, INC.",2015-09-30,1,0.004514816517310589,reported,derived_residual,endpoint,
1378946,"PEOPLE'S UNITED FINANCIAL, INC.",2015-12-31,1,0.004408473767565013,reported,derived_residual,endpoint,
1378946,"PEOPLE'S UNITED FINANCIAL, INC.",2016-03-31,1,0.004454963107336767,reported,derived_residual,endpoint,
1378946,"PEOPLE'S UNITED FINANCIAL, INC.",2016-06-30,1,0.004437999056488389,reported,derived_residual,endpoint,
1378946,"PEOPLE'S UNITED FINANCIAL, INC.",2016-09-30,1,0.004391582799634035,reported,derived_residual,endpoint,
1378946,"PEOPLE'S UNITED FINANCIAL, INC.",2016-12-31,1,0.004333778653550223,reported,derived_residual,endpoint,
1378946,"PEOPLE'S UNITED FINANCIAL, INC.",2017-03-31,1,0.004609215880534567,reported,derived_residual,endpoint,
1378946,"PEOPLE'S UNITED FINANCIAL, INC.",2017-06-30,1,0.005140949786313677,reported,derived_residual,endpoint,
1378946,"PEOPLE'S UNITED FINANCIAL, INC.",2017-09-30,1,0.005600291410512349,reported,derived_residual,endpoint,
1378946,"PEOPLE'S UNITED FINANCIAL, INC.",2017-12-31,1,0.006134637677967561,reported,derived_residual,endpoint,
1378946,"PEOPLE'S UNITED FINANCIAL, INC.",2018-03-31,1,0.006606797562843563,reported,derived_residual,endpoint,
1378946,"PEOPLE'S UNITED FINANCIAL, INC.",2018-06-30,1,0.007656664171101354,reported,derived_residual,endpoint,
1378946,"PEOPLE'S UNITED FINANCIAL, INC.",2018-09-30,1,0.00917449683366992,reported,derived_residual,endpoint,
1378946,"PEOPLE'S UNITED FINANCIAL, INC.",2018-12-31,1,0.01070386233559489,reported,derived_residual,endpoint,
1378946,"PEOPLE'S UNITED FINANCIAL, INC.",2019-03-31,1,0.011558451494894246,reported,derived_residual,endpoint,
1378946,"PEOPLE'S UNITED FINANCIAL, INC.",2019-06-30,1,0.013030853851419938,reported,derived_residual,endpoint,
1378946,"PEOPLE'S UNITED FINANCIAL, INC.",2019-09-30,1,0.01225976201833978,reported,derived_residual,endpoint,
1378946,"PEOPLE'S UNITED FINANCIAL, INC.",2019-12-31,1,0.01099478095840582,reported,derived_residual,endpoint,
1378946,"PEOPLE'S UNITED FINANCIAL, INC.",2020-03-31,1,0.009282230088131187,reported,derived_residual,endpoint,
1378946,"PEOPLE'S UNITED FINANCIAL, INC.",2020-06-30,1,0.004732418342376849,reported,derived_residual,endpoint,
1378946,"PEOPLE'S UNITED FINANCIAL, INC.",2020-09-30,1,0.004066172784492842,reported,derived_residual,endpoint,
1378946,"PEOPLE'S UNITED FINANCIAL, INC.",2020-12-31,1,0.003354199574874705,reported,derived_residual,endpoint,
1378946,"PEOPLE'S UNITED FINANCIAL, INC.",2021-03-31,1,0.002471932136206728,reported,derived_residual,endpoint,
1378946,"PEOPLE'S UNITED FINANCIAL, INC.",2021-06-30,1,0.001872249107670747,reported,derived_residual,endpoint,
1378946,"PEOPLE'S UNITED FINANCIAL, INC.",2021-09-30,1,0.0016686212188393966,reported,derived_residual,endpoint,
1378946,"PEOPLE'S UNITED FINANCIAL, INC.",2021-12-31,1,0.00152589670619163,reported,derived_residual,endpoint,
714310,VALLEY NATIONAL BANCORP,2009-12-31,X,0.00970075676846662,summed_components,derived_residual,closing_only,0.7244949283259284
714310,VALLEY NATIONAL BANCORP,2010-06-30,X,0.008470294699505937,summed_components,derived_residual,closing_only,0.7535964777555931
714310,VALLEY NATIONAL BANCORP,2010-09-30,X,0.006523703578448361,summed_components,derived_residual,endpoint,0.737460989745876
714310,VALLEY NATIONAL BANCORP,2010-12-31,X,0.006082436709469781,summed_components,derived_residual,endpoint,0.7208782153157925
714310,VALLEY NATIONAL BANCORP,2011-03-31,X,0.005881750396057883,summed_components,derived_residual,endpoint,0.7222321163550015
714310,VALLEY NATIONAL BANCORP,2011-06-30,X,0.005983646352082167,summed_components,derived_residual,endpoint,0.7128489094812973
714310,VALLEY NATIONAL BANCORP,2011-09-30,X,0.005946753248151901,summed_components,derived_residual,endpoint,0.7146390566580385
714310,VALLEY NATIONAL BANCORP,2011-12-31,X,0.0053706902754168465,summed_components,derived_residual,endpoint,0.6826159246259006
714310,VALLEY NATIONAL BANCORP,2012-03-31,X,0.004683480253480436,summed_components,derived_residual,endpoint,0.6554475834995817
714310,VALLEY NATIONAL BANCORP,2012-06-30,X,0.003990290765661238,summed_components,derived_residual,endpoint,0.6641844479450093
714310,VALLEY NATIONAL BANCORP,2012-09-30,X,0.003971119211268406,summed_components,derived_residual,endpoint,0.6462141906563004
714310,VALLEY NATIONAL BANCORP,2012-12-31,X,0.0037704883268780166,summed_components,derived_residual,endpoint,0.637360243937854
714310,VALLEY NATIONAL BANCORP,2013-03-31,X,0.003416804974566424,summed_components,derived_residual,endpoint,0.633028954967611
714310,VALLEY NATIONAL BANCORP,2013-06-30,X,0.003281774372959089,summed_components,derived_residual,endpoint,0.6407958562854559
714310,VALLEY NATIONAL BANCORP,2013-09-30,X,0.003100474058607436,summed_components,derived_residual,endpoint,0.6254511084378759
714310,VALLEY NATIONAL BANCORP,2013-12-31,X,0.002881727703438428,summed_components,derived_residual,endpoint,0.60338194506576
714310,VALLEY NATIONAL BANCORP,2014-03-31,X,0.0027674939155224814,summed_components,derived_residual,endpoint,0.60408767224637
714310,VALLEY NATIONAL BANCORP,2014-06-30,X,0.002798781024700195,summed_components,derived_residual,endpoint,0.5960046374743602
714310,VALLEY NATIONAL BANCORP,2014-09-30,X,0.002837672511007871,summed_components,derived_residual,endpoint,0.5895616924246263
714310,VALLEY NATIONAL BANCORP,2014-12-31,X,0.002838769630114153,summed_components,derived_residual,endpoint,0.5615957913195967
714310,VALLEY NATIONAL BANCORP,2015-03-31,X,0.002666711925635056,summed_components,derived_residual,endpoint,0.5708354212899993
714310,VALLEY NATIONAL BANCORP,2015-06-30,X,0.00269158145643433,summed_components,derived_residual,endpoint,0.578958615285989
714310,VALLEY NATIONAL BANCORP,2015-09-30,X,0.0031178629019929962,summed_components,derived_residual,endpoint,0.6305382885861659
714310,VALLEY NATIONAL BANCORP,2015-12-31,X,0.0030326099614271054,summed_components,derived_residual,endpoint,0.5719374051150298
714310,VALLEY NATIONAL BANCORP,2016-03-31,X,0.002777405609772556,summed_components,derived_residual,endpoint,0.5090822179732314
714310,VALLEY NATIONAL BANCORP,2016-06-30,X,0.002662109167329963,summed_components,derived_residual,endpoint,0.4807652210175146
714310,VALLEY NATIONAL BANCORP,2016-09-30,X,0.002666713794099138,summed_components,derived_residual,endpoint,0.4807682484548194
714310,VALLEY NATIONAL BANCORP,2016-12-31,X,0.002595579921620549,summed_components,derived_residual,endpoint,0.47839583437640815
714310,VALLEY NATIONAL BANCORP,2017-03-31,X,0.0025604054194131288,summed_components,derived_residual,endpoint,0.4840393190109445
714310,VALLEY NATIONAL BANCORP,2017-06-30,X,0.0027678437058612005,summed_components,derived_residual,endpoint,0.44431818181818183
714310,VALLEY NATIONAL BANCORP,2017-09-30,X,0.0029465701998899786,summed_components,derived_residual,endpoint,0.4096176348469407
714310,VALLEY NATIONAL BANCORP,2017-12-31,X,0.00316785323382262,summed_components,derived_residual,endpoint,0.4167101645961652
714310,VALLEY NATIONAL BANCORP,2018-03-31,X,0.0034401665571608176,summed_components,derived_residual,endpoint,0.39574364389570305
714310,VALLEY NATIONAL BANCORP,2018-06-30,X,0.003559888054521178,summed_components,derived_residual,endpoint,0.40189896354279914
714310,VALLEY NATIONAL BANCORP,2018-09-30,X,0.0042230224814940225,summed_components,derived_residual,endpoint,0.411361590704525
714310,VALLEY NATIONAL BANCORP,2018-12-31,X,0.005990150529718639,summed_components,derived_residual,endpoint,0.4845831023834033
714310,VALLEY NATIONAL BANCORP,2019-03-31,X,0.007100205111404569,summed_components,derived_residual,endpoint,0.5126789695651006
714310,VALLEY NATIONAL BANCORP,2019-06-30,X,0.00744223621751126,summed_components,derived_residual,endpoint,0.5147477377442534
714310,VALLEY NATIONAL BANCORP,2019-09-30,X,0.00780104495186476,summed_components,derived_residual,endpoint,0.5438115544725353
714310,VALLEY NATIONAL BANCORP,2019-12-31,X,0.00755377517898162,summed_components,derived_residual,endpoint,0.5648599155382258
714310,VALLEY NATIONAL BANCORP,2020-03-31,X,0.006682932517116683,summed_components,derived_residual,endpoint,0.5536746543897991
714310,VALLEY NATIONAL BANCORP,2020-06-30,X,0.0046420209434716725,summed_components,derived_residual,endpoint,0.6423070303760434
714310,VALLEY NATIONAL BANCORP,2020-09-30,X,0.0028263395521752766,summed_components,derived_residual,endpoint,0.5881734722265154
714310,VALLEY NATIONAL BANCORP,2020-12-31,X,0.0021318172425185814,summed_components,derived_residual,endpoint,0.5510470200199432
714310,VALLEY NATIONAL BANCORP,2021-03-31,X,0.001629293352024504,summed_components,derived_residual,endpoint,0.4992798631740031
714310,VALLEY NATIONAL BANCORP,2021-06-30,X,0.0009091594063655312,summed_components,derived_residual,endpoint,0.3599312123817713
714310,VALLEY NATIONAL BANCORP,2021-09-30,X,0.0006272870360334217,summed_components,derived_residual,endpoint,0.29295286352423494
714310,VALLEY NATIONAL BANCORP,2021-12-31,X,0.000462308351231199,summed_components,derived_residual,endpoint,0.25001878145894374
714310,VALLEY NATIONAL BANCORP,2022-03-31,X,0.00038171163725151644,summed_components,derived_residual,endpoint,0.22724353828864988
714310,VALLEY NATIONAL BANCORP,2022-06-30,X,0.00041256481347154737,summed_components,derived_residual,endpoint,0.16031582560933746
714310,VALLEY NATIONAL BANCORP,2022-09-30,X,0.0016455632764911905,summed_components,derived_residual,endpoint,0.2304398007532499
714310,VALLEY NATIONAL BANCORP,2022-12-31,X,0.004935341189594898,summed_components,derived_residual,endpoint,0.3070138171119129
714310,VALLEY NATIONAL BANCORP,2023-03-31,X,0.007867366997341906,summed_components,derived_residual,endpoint,0.3475141086452238
714310,VALLEY NATIONAL BANCORP,2023-06-30,X,0.011867827781931448,summed_components,derived_residual,endpoint,0.43276463665581577
714310,VALLEY NATIONAL BANCORP,2023-09-30,X,0.014967935115964986,summed_components,derived_residual,endpoint,0.44869652588927844
714310,VALLEY NATIONAL BANCORP,2023-12-31,X,0.015102502995250755,summed_components,derived_residual,endpoint,0.4274270263563327
714310,VALLEY NATIONAL BANCORP,2024-03-31,X,0.013883463367402264,summed_components,derived_residual,endpoint,0.39383842886975295
714310,VALLEY NATIONAL BANCORP,2024-06-30,3,0.016712915939086016,summed_components,derived_residual,endpoint,
714310,VALLEY NATIONAL BANCORP,2024-09-30,3,0.017867944564032484,summed_components,derived_residual,endpoint,
714310,VALLEY NATIONAL BANCORP,2024-12-31,3,0.016301680093933197,summed_components,derived_residual,endpoint,
714310,VALLEY NATIONAL BANCORP,2025-03-31,3,0.012996806666759413,summed_components,derived_residual,endpoint,
714310,VALLEY NATIONAL BANCORP,2025-06-30,3,0.013381382170625454,summed_components,derived_residual,endpoint,
714310,VALLEY NATIONAL BANCORP,2025-09-30,3,0.013566088864746235,summed_components,derived_residual,endpoint,
714310,VALLEY NATIONAL BANCORP,2025-12-31,3,0.011732630845870668,summed_components,derived_residual,endpoint,
714310,VALLEY NATIONAL BANCORP,2026-03-31,3,0.010583628403308487,summed_components,derived_residual,endpoint,
714310,VALLEY NATIONAL BANCORP,2026-06-30,3,0.010970661186576747,summed_components,derived_residual,endpoint,
18349,SYNOVUS FINANCIAL CORP,2009-12-31,1,0.016623650155996112,reported,reported,closing_only,
18349,SYNOVUS FINANCIAL CORP,2010-06-30,1,0.01382557016163321,reported,reported,closing_only,
18349,SYNOVUS FINANCIAL CORP,2010-09-30,1,0.012805893717957326,reported,reported,endpoint,
18349,SYNOVUS FINANCIAL CORP,2010-12-31,1,0.011601238220284367,reported,reported,endpoint,
18349,SYNOVUS FINANCIAL CORP,2011-03-31,1,0.01024334479804055,reported,reported,endpoint,
18349,SYNOVUS FINANCIAL CORP,2011-06-30,1,0.010052088958982085,reported,reported,endpoint,
18349,SYNOVUS FINANCIAL CORP,2011-09-30,1,0.010125277850634228,reported,reported,endpoint,
18349,SYNOVUS FINANCIAL CORP,2011-12-31,1,0.008745502879699102,reported,reported,endpoint,
18349,SYNOVUS FINANCIAL CORP,2012-03-31,1,0.0072487255972658515,reported,derived_residual,endpoint,
18349,SYNOVUS FINANCIAL CORP,2012-06-30,1,0.006363292905796366,reported,derived_residual,endpoint,
18349,SYNOVUS FINANCIAL CORP,2012-09-30,1,0.005404057202523107,reported,derived_residual,endpoint,
18349,SYNOVUS FINANCIAL CORP,2012-12-31,1,0.004742466900746798,reported,reported,endpoint,
18349,SYNOVUS FINANCIAL CORP,2013-03-31,1,0.004341757002514965,reported,derived_residual,endpoint,
18349,SYNOVUS FINANCIAL CORP,2013-06-30,1,0.004112797495085341,reported,derived_residual,endpoint,
18349,SYNOVUS FINANCIAL CORP,2013-09-30,1,0.004203780401313354,reported,derived_residual,endpoint,
18349,SYNOVUS FINANCIAL CORP,2013-12-31,1,0.004000877039548078,reported,reported,endpoint,
18349,SYNOVUS FINANCIAL CORP,2014-03-31,1,0.0037529408504748244,reported,derived_residual,endpoint,
18349,SYNOVUS FINANCIAL CORP,2014-06-30,1,0.0035819013051879055,reported,derived_residual,endpoint,
18349,SYNOVUS FINANCIAL CORP,2014-09-30,1,0.003566102458502038,reported,derived_residual,endpoint,
18349,SYNOVUS FINANCIAL CORP,2014-12-31,1,0.00365705136617759,reported,reported,endpoint,
18349,SYNOVUS FINANCIAL CORP,2015-03-31,1,0.0038046598932132943,reported,derived_residual,endpoint,
18349,SYNOVUS FINANCIAL CORP,2015-06-30,1,0.004192268614381416,reported,derived_residual,endpoint,
18349,SYNOVUS FINANCIAL CORP,2015-09-30,1,0.0042490489771525135,reported,derived_residual,endpoint,
18349,SYNOVUS FINANCIAL CORP,2015-12-31,1,0.004077406287892332,reported,reported,endpoint,
18349,SYNOVUS FINANCIAL CORP,2016-03-31,1,0.0038750180261531656,reported,derived_residual,endpoint,
18349,SYNOVUS FINANCIAL CORP,2016-06-30,1,0.0038634831088876207,reported,derived_residual,endpoint,
18349,SYNOVUS FINANCIAL CORP,2016-09-30,1,0.003717689233895618,reported,derived_residual,endpoint,
18349,SYNOVUS FINANCIAL CORP,2016-12-31,1,0.0037201687841545805,reported,reported,endpoint,
18349,SYNOVUS FINANCIAL CORP,2017-03-31,1,0.003831979516376978,reported,derived_residual,endpoint,
18349,SYNOVUS FINANCIAL CORP,2017-06-30,1,0.004060488686245448,reported,derived_residual,endpoint,
18349,SYNOVUS FINANCIAL CORP,2017-09-30,1,0.004528825397699865,reported,derived_residual,endpoint,
18349,SYNOVUS FINANCIAL CORP,2017-12-31,1,0.0054520663175499804,reported,reported,endpoint,
18349,SYNOVUS FINANCIAL CORP,2018-03-31,1,0.005651685094106449,reported,derived_residual,endpoint,
18349,SYNOVUS FINANCIAL CORP,2018-06-30,1,0.006920592621385151,reported,derived_residual,endpoint,
18349,SYNOVUS FINANCIAL CORP,2018-09-30,1,0.008340670639875425,reported,reported,endpoint,
18349,SYNOVUS FINANCIAL CORP,2018-12-31,1,0.009647920143795749,reported,derived_residual,endpoint,
18349,SYNOVUS FINANCIAL CORP,2019-03-31,1,0.01461392997491887,reported,derived_residual,endpoint,
18349,SYNOVUS FINANCIAL CORP,2019-06-30,1,0.012854350245094985,reported,derived_residual,endpoint,
18349,SYNOVUS FINANCIAL CORP,2019-09-30,1,0.013295794146251122,reported,derived_residual,endpoint,
18349,SYNOVUS FINANCIAL CORP,2019-12-31,1,0.011614677719289344,reported,derived_residual,endpoint,
18349,SYNOVUS FINANCIAL CORP,2020-03-31,1,0.0116350298452714,reported,derived_residual,endpoint,
18349,SYNOVUS FINANCIAL CORP,2020-06-30,1,0.007309840468562923,reported,derived_residual,endpoint,
18349,SYNOVUS FINANCIAL CORP,2020-09-30,1,0.005465027670782945,reported,derived_residual,endpoint,
18349,SYNOVUS FINANCIAL CORP,2020-12-31,1,0.003963549467367564,reported,derived_residual,endpoint,
18349,SYNOVUS FINANCIAL CORP,2021-03-31,1,0.003036055387623211,reported,derived_residual,endpoint,
18349,SYNOVUS FINANCIAL CORP,2021-06-30,1,0.002401301730904241,reported,derived_residual,endpoint,
18349,SYNOVUS FINANCIAL CORP,2021-09-30,1,0.002019367968331098,reported,derived_residual,endpoint,
18349,SYNOVUS FINANCIAL CORP,2021-12-31,1,0.0017794981948146427,reported,derived_residual,endpoint,
18349,SYNOVUS FINANCIAL CORP,2022-03-31,1,0.0016790534866089907,reported,derived_residual,endpoint,
18349,SYNOVUS FINANCIAL CORP,2022-06-30,1,0.002305316785583951,reported,derived_residual,endpoint,
18349,SYNOVUS FINANCIAL CORP,2022-09-30,1,0.005911175227832845,reported,derived_residual,endpoint,
18349,SYNOVUS FINANCIAL CORP,2022-12-31,1,0.013400098835872995,reported,derived_residual,endpoint,
18349,SYNOVUS FINANCIAL CORP,2023-03-31,1,0.02030085704403689,reported,derived_residual,endpoint,
18349,SYNOVUS FINANCIAL CORP,2023-06-30,1,0.026929505756330827,reported,derived_residual,endpoint,
18349,SYNOVUS FINANCIAL CORP,2023-09-30,1,0.031684476166167534,reported,derived_residual,endpoint,
18349,SYNOVUS FINANCIAL CORP,2023-12-31,1,0.03381772736239079,reported,derived_residual,endpoint,
18349,SYNOVUS FINANCIAL CORP,2024-03-31,1,0.034666494584343684,reported,derived_residual,endpoint,
18349,SYNOVUS FINANCIAL CORP,2024-06-30,1,0.03484829676632417,reported,derived_residual,endpoint,
18349,SYNOVUS FINANCIAL CORP,2024-09-30,1,0.03579677992614972,reported,derived_residual,endpoint,
18349,SYNOVUS FINANCIAL CORP,2024-12-31,1,0.03237604201765146,reported,derived_residual,endpoint,
18349,SYNOVUS FINANCIAL CORP,2025-03-31,1,0.028662735542748934,reported,derived_residual,endpoint,
18349,SYNOVUS FINANCIAL CORP,2025-06-30,1,0.02870392411105285,reported,derived_residual,endpoint,
18349,SYNOVUS FINANCIAL CORP,2025-09-30,1,0.029166875601161525,reported,derived_residual,endpoint,
1015328,WINTRUST FINANCIAL CORP,2009-06-30,1,0.020719779180175084,reported,reported,closing_only,
1015328,WINTRUST FINANCIAL CORP,2009-09-30,1,0.019676787414872762,reported,reported,endpoint,
1015328,WINTRUST FINANCIAL CORP,2009-12-31,1,0.01727652321820764,reported,reported,endpoint,
1015328,WINTRUST FINANCIAL CORP,2010-03-31,1,0.014838537305884214,reported,reported,endpoint,
1015328,WINTRUST FINANCIAL CORP,2010-06-30,1,0.013658412711574539,reported,reported,endpoint,
1015328,WINTRUST FINANCIAL CORP,2010-09-30,1,0.012695173670704742,reported,reported,endpoint,
1015328,WINTRUST FINANCIAL CORP,2010-12-31,1,0.01141400148386527,reported,reported,endpoint,
1015328,WINTRUST FINANCIAL CORP,2011-03-31,1,0.00996174732274922,reported,reported,endpoint,
1015328,WINTRUST FINANCIAL CORP,2011-06-30,1,0.009192449996768857,reported,reported,endpoint,
1015328,WINTRUST FINANCIAL CORP,2011-09-30,1,0.008528580317436696,reported,reported,endpoint,
1015328,WINTRUST FINANCIAL CORP,2011-12-31,1,0.007429657098301846,reported,reported,endpoint,
1015328,WINTRUST FINANCIAL CORP,2012-03-31,1,0.0067763058928962195,reported,reported,endpoint,
1015328,WINTRUST FINANCIAL CORP,2012-06-30,1,0.0063462944692758315,reported,reported,endpoint,
1015328,WINTRUST FINANCIAL CORP,2012-09-30,1,0.0059197335732151975,reported,reported,endpoint,
1015328,WINTRUST FINANCIAL CORP,2012-12-31,1,0.00546689585939473,reported,reported,endpoint,
1015328,WINTRUST FINANCIAL CORP,2013-03-31,1,0.004885229401627183,reported,reported,endpoint,
1015328,WINTRUST FINANCIAL CORP,2013-06-30,1,0.0046288241534244495,reported,reported,endpoint,
1015328,WINTRUST FINANCIAL CORP,2013-09-30,1,0.004185107987958124,reported,reported,endpoint,
1015328,WINTRUST FINANCIAL CORP,2013-12-31,1,0.0041675381714942955,reported,reported,endpoint,
1015328,WINTRUST FINANCIAL CORP,2014-03-31,1,0.003924921676653921,reported,reported,endpoint,
1015328,WINTRUST FINANCIAL CORP,2014-06-30,1,0.0037872594983330496,reported,reported,endpoint,
1015328,WINTRUST FINANCIAL CORP,2014-09-30,1,0.0038893543827482244,reported,reported,endpoint,
1015328,WINTRUST FINANCIAL CORP,2014-12-31,1,0.0038884957955697863,reported,reported,endpoint,
1015328,WINTRUST FINANCIAL CORP,2015-03-31,1,0.003645970100128773,reported,reported,endpoint,
1015328,WINTRUST FINANCIAL CORP,2015-06-30,1,0.0036446402809010184,reported,reported,endpoint,
1015328,WINTRUST FINANCIAL CORP,2015-09-30,1,0.003726898449771626,reported,reported,endpoint,
1015328,WINTRUST FINANCIAL CORP,2015-12-31,1,0.003693813539340216,reported,reported,endpoint,
1015328,WINTRUST FINANCIAL CORP,2016-03-31,1,0.0036760186770567905,reported,reported,endpoint,
1015328,WINTRUST FINANCIAL CORP,2016-06-30,1,0.0037911521122046044,reported,reported,endpoint,
1015328,WINTRUST FINANCIAL CORP,2016-09-30,1,0.004150286687210201,reported,reported,endpoint,
1015328,WINTRUST FINANCIAL CORP,2016-12-31,1,0.004212800182546974,reported,reported,endpoint,
1015328,WINTRUST FINANCIAL CORP,2017-03-31,1,0.004109738219842388,reported,reported,endpoint,
1015328,WINTRUST FINANCIAL CORP,2017-06-30,1,0.0045817401000424725,reported,reported,endpoint,
1015328,WINTRUST FINANCIAL CORP,2017-09-30,1,0.005786396122784366,reported,reported,endpoint,
1015328,WINTRUST FINANCIAL CORP,2017-12-31,1,0.0060835473840746244,reported,reported,endpoint,
1015328,WINTRUST FINANCIAL CORP,2018-03-31,1,0.006424856686116808,reported,reported,endpoint,
1015328,WINTRUST FINANCIAL CORP,2018-06-30,1,0.008181094660391589,reported,reported,endpoint,
1015328,WINTRUST FINANCIAL CORP,2018-09-30,1,0.010722326724658483,reported,reported,endpoint,
1015328,WINTRUST FINANCIAL CORP,2018-12-31,1,0.011771107425155683,reported,reported,endpoint,
1015328,WINTRUST FINANCIAL CORP,2019-03-31,1,0.012202495872282037,reported,reported,endpoint,
1015328,WINTRUST FINANCIAL CORP,2019-06-30,1,0.01299854887775783,reported,reported,endpoint,
1015328,WINTRUST FINANCIAL CORP,2019-09-30,1,0.014357344015764276,reported,reported,endpoint,
1015328,WINTRUST FINANCIAL CORP,2019-12-31,1,0.013423634117406364,reported,reported,endpoint,
1015328,WINTRUST FINANCIAL CORP,2020-03-31,1,0.011528511900290809,reported,reported,endpoint,
1015328,WINTRUST FINANCIAL CORP,2020-06-30,1,0.00811428305583151,reported,reported,endpoint,
1015328,WINTRUST FINANCIAL CORP,2020-09-30,1,0.006145070695080936,reported,reported,endpoint,
1015328,WINTRUST FINANCIAL CORP,2020-12-31,1,0.0051363095489066705,reported,reported,endpoint,
1015328,WINTRUST FINANCIAL CORP,2021-03-31,1,0.004390301391543214,reported,reported,endpoint,
1015328,WINTRUST FINANCIAL CORP,2021-06-30,1,0.0037683133244433365,reported,reported,endpoint,
1015328,WINTRUST FINANCIAL CORP,2021-09-30,1,0.0029302362989681164,reported,reported,endpoint,
1015328,WINTRUST FINANCIAL CORP,2021-12-31,1,0.0024275651694935832,reported,reported,endpoint,
1015328,WINTRUST FINANCIAL CORP,2022-03-31,1,0.002107473149943987,reported,reported,endpoint,
1015328,WINTRUST FINANCIAL CORP,2022-06-30,1,0.0026548787347254886,reported,reported,endpoint,
1015328,WINTRUST FINANCIAL CORP,2022-09-30,1,0.006332652224286168,reported,reported,endpoint,
1015328,WINTRUST FINANCIAL CORP,2022-12-31,1,0.012832714460876788,reported,reported,endpoint,
1015328,WINTRUST FINANCIAL CORP,2023-03-31,1,0.018769952520972022,reported,reported,endpoint,
1015328,WINTRUST FINANCIAL CORP,2023-06-30,1,0.026310341130496188,reported,reported,endpoint,
1015328,WINTRUST FINANCIAL CORP,2023-09-30,1,0.030879557937817145,reported,reported,endpoint,
1015328,WINTRUST FINANCIAL CORP,2023-12-31,1,0.032792871161426686,reported,reported,endpoint,
1015328,WINTRUST FINANCIAL CORP,2024-03-31,1,0.033505895428813146,reported,reported,endpoint,
1015328,WINTRUST FINANCIAL CORP,2024-06-30,1,0.036020475316611796,reported,reported,endpoint,
1015328,WINTRUST FINANCIAL CORP,2024-09-30,1,0.03680765274310649,reported,reported,endpoint,
1015328,WINTRUST FINANCIAL CORP,2024-12-31,1,0.03388976626783786,reported,reported,endpoint,
1015328,WINTRUST FINANCIAL CORP,2025-03-31,1,0.03069184553922098,reported,reported,endpoint,
1015328,WINTRUST FINANCIAL CORP,2025-06-30,1,0.030555795320245296,reported,reported,endpoint,
1015328,WINTRUST FINANCIAL CORP,2025-09-30,1,0.03138702484529026,reported,reported,endpoint,
1015328,WINTRUST FINANCIAL CORP,2025-12-31,1,0.028868499004239146,reported,reported,endpoint,
1015328,WINTRUST FINANCIAL CORP,2026-03-31,1,0.02656959562621319,reported,reported,endpoint,
1015328,WINTRUST FINANCIAL CORP,2026-06-30,1,0.027044944029410264,reported,reported,endpoint,
39263,"CULLEN/FROST BANKERS, INC.",2009-06-30,1,0.0072775243144353585,reported,reported,closing_only,
39263,"CULLEN/FROST BANKERS, INC.",2009-09-30,1,0.006538371626555226,reported,reported,endpoint,
39263,"CULLEN/FROST BANKERS, INC.",2009-12-31,1,0.005142422603352608,reported,reported,endpoint,
39263,"CULLEN/FROST BANKERS, INC.",2010-03-31,1,0.0039104644778541,reported,reported,endpoint,
39263,"CULLEN/FROST BANKERS, INC.",2010-06-30,1,0.003327345547169222,reported,reported,endpoint,
39263,"CULLEN/FROST BANKERS, INC.",2010-09-30,1,0.0032370346066210136,reported,reported,endpoint,
39263,"CULLEN/FROST BANKERS, INC.",2010-12-31,1,0.0029207802113980605,reported,reported,endpoint,
39263,"CULLEN/FROST BANKERS, INC.",2011-03-31,1,0.0025852187371015324,reported,reported,endpoint,
39263,"CULLEN/FROST BANKERS, INC.",2011-06-30,1,0.0025598972252496447,reported,reported,endpoint,
39263,"CULLEN/FROST BANKERS, INC.",2011-09-30,1,0.0022569031925811856,reported,reported,endpoint,
39263,"CULLEN/FROST BANKERS, INC.",2011-12-31,1,0.0020303132169218405,reported,reported,endpoint,
39263,"CULLEN/FROST BANKERS, INC.",2012-03-31,1,0.0018098775492349933,reported,reported,endpoint,
39263,"CULLEN/FROST BANKERS, INC.",2012-06-30,1,0.001794984858886241,reported,reported,endpoint,
39263,"CULLEN/FROST BANKERS, INC.",2012-09-30,1,0.0017800394972878884,reported,reported,endpoint,
39263,"CULLEN/FROST BANKERS, INC.",2012-12-31,1,0.0015989275290293648,reported,reported,endpoint,
39263,"CULLEN/FROST BANKERS, INC.",2013-03-31,1,0.0014082387147327095,reported,reported,endpoint,
39263,"CULLEN/FROST BANKERS, INC.",2013-06-30,1,0.0013679863444516142,reported,reported,endpoint,
39263,"CULLEN/FROST BANKERS, INC.",2013-09-30,1,0.0012139247718204011,reported,reported,endpoint,
39263,"CULLEN/FROST BANKERS, INC.",2013-12-31,1,0.0010049986893293267,reported,reported,endpoint,
39263,"CULLEN/FROST BANKERS, INC.",2014-03-31,1,0.0008252653654316768,reported,reported,endpoint,
39263,"CULLEN/FROST BANKERS, INC.",2014-06-30,1,0.0008066828029414854,reported,reported,endpoint,
39263,"CULLEN/FROST BANKERS, INC.",2014-09-30,1,0.0009085243757568426,reported,reported,endpoint,
39263,"CULLEN/FROST BANKERS, INC.",2014-12-31,1,0.0008502270377835932,reported,reported,endpoint,
39263,"CULLEN/FROST BANKERS, INC.",2015-03-31,1,0.0007844995582742305,reported,reported,endpoint,
39263,"CULLEN/FROST BANKERS, INC.",2015-06-30,1,0.0006278907668619569,reported,reported,endpoint,
39263,"CULLEN/FROST BANKERS, INC.",2015-09-30,1,0.000621079805922728,reported,reported,endpoint,
39263,"CULLEN/FROST BANKERS, INC.",2015-12-31,1,0.000557983245751017,reported,reported,endpoint,
39263,"CULLEN/FROST BANKERS, INC.",2016-03-31,1,0.0005002028662715894,reported,reported,endpoint,
39263,"CULLEN/FROST BANKERS, INC.",2016-06-30,1,0.0004888488086171389,reported,reported,endpoint,
39263,"CULLEN/FROST BANKERS, INC.",2016-09-30,1,0.0004769639241831891,reported,reported,endpoint,
39263,"CULLEN/FROST BANKERS, INC.",2016-12-31,1,0.0005149092996828555,reported,reported,endpoint,
39263,"CULLEN/FROST BANKERS, INC.",2017-03-31,1,0.000489470440737933,reported,reported,endpoint,
39263,"CULLEN/FROST BANKERS, INC.",2017-06-30,1,0.0005767950098604939,reported,reported,endpoint,
39263,"CULLEN/FROST BANKERS, INC.",2017-09-30,1,0.001504684252243537,reported,reported,endpoint,
39263,"CULLEN/FROST BANKERS, INC.",2017-12-31,1,0.00193604038581798,reported,reported,endpoint,
39263,"CULLEN/FROST BANKERS, INC.",2018-03-31,1,0.0027086870481065673,reported,reported,endpoint,
39263,"CULLEN/FROST BANKERS, INC.",2018-06-30,1,0.00450437217237316,reported,reported,endpoint,
39263,"CULLEN/FROST BANKERS, INC.",2018-09-30,1,0.005733203326321881,reported,reported,endpoint,
39263,"CULLEN/FROST BANKERS, INC.",2018-12-31,1,0.006297652521153551,reported,reported,endpoint,
39263,"CULLEN/FROST BANKERS, INC.",2019-03-31,1,0.006726723604567347,reported,reported,endpoint,
39263,"CULLEN/FROST BANKERS, INC.",2019-06-30,1,0.006707951864747959,reported,reported,endpoint,
39263,"CULLEN/FROST BANKERS, INC.",2019-09-30,1,0.006373018592673328,reported,reported,endpoint,
39263,"CULLEN/FROST BANKERS, INC.",2019-12-31,1,0.0048549706816823435,reported,reported,endpoint,
39263,"CULLEN/FROST BANKERS, INC.",2020-03-31,1,0.0038102817675240356,reported,reported,endpoint,
39263,"CULLEN/FROST BANKERS, INC.",2020-06-30,1,0.0014255231949987875,reported,reported,endpoint,
39263,"CULLEN/FROST BANKERS, INC.",2020-09-30,1,0.001177714422255464,reported,reported,endpoint,
39263,"CULLEN/FROST BANKERS, INC.",2020-12-31,1,0.0009007989454779818,reported,reported,endpoint,
39263,"CULLEN/FROST BANKERS, INC.",2021-03-31,1,0.0006909585824897255,reported,reported,endpoint,
39263,"CULLEN/FROST BANKERS, INC.",2021-06-30,1,0.0006495245884689059,reported,reported,endpoint,
39263,"CULLEN/FROST BANKERS, INC.",2021-09-30,1,0.0006575495963645572,reported,reported,endpoint,
39263,"CULLEN/FROST BANKERS, INC.",2021-12-31,1,0.0006551138444325444,reported,reported,endpoint,
39263,"CULLEN/FROST BANKERS, INC.",2022-03-31,1,0.0007767669357420066,reported,reported,endpoint,
39263,"CULLEN/FROST BANKERS, INC.",2022-06-30,1,0.002197148122664869,reported,reported,endpoint,
39263,"CULLEN/FROST BANKERS, INC.",2022-09-30,1,0.006229562031810436,reported,reported,endpoint,
39263,"CULLEN/FROST BANKERS, INC.",2022-12-31,1,0.011523610308294735,reported,reported,endpoint,
39263,"CULLEN/FROST BANKERS, INC.",2023-03-31,1,0.014918978000753568,reported,reported,endpoint,
39263,"CULLEN/FROST BANKERS, INC.",2023-06-30,1,0.018507845897937386,reported,reported,endpoint,
39263,"CULLEN/FROST BANKERS, INC.",2023-09-30,1,0.021286349031419467,reported,reported,endpoint,
39263,"CULLEN/FROST BANKERS, INC.",2023-12-31,1,0.02267383119708944,reported,reported,endpoint,
39263,"CULLEN/FROST BANKERS, INC.",2024-03-31,1,0.023037275208745888,reported,reported,endpoint,
39263,"CULLEN/FROST BANKERS, INC.",2024-06-30,1,0.023644575384194656,reported,reported,endpoint,
39263,"CULLEN/FROST BANKERS, INC.",2024-09-30,1,0.024077047783660852,reported,reported,endpoint,
39263,"CULLEN/FROST BANKERS, INC.",2024-12-31,1,0.021393622474572414,reported,reported,endpoint,
39263,"CULLEN/FROST BANKERS, INC.",2025-03-31,1,0.018881570246554093,reported,reported,endpoint,
39263,"CULLEN/FROST BANKERS, INC.",2025-06-30,1,0.019157465869393518,reported,reported,endpoint,
39263,"CULLEN/FROST BANKERS, INC.",2025-09-30,1,0.019581071964199653,reported,reported,endpoint,
39263,"CULLEN/FROST BANKERS, INC.",2025-12-31,1,0.01790474581041967,reported,reported,endpoint,
39263,"CULLEN/FROST BANKERS, INC.",2026-03-31,1,0.01507604799890387,reported,reported,endpoint,
39263,"CULLEN/FROST BANKERS, INC.",2026-06-30,1,0.015962260355302696,reported,reported,endpoint,
887343,"COLUMBIA BANKING SYSTEM, INC.",2010-12-31,1,0.0056769252154344595,reported,reported,closing_only,
887343,"COLUMBIA BANKING SYSTEM, INC.",2011-03-31,1,0.0050526557621854915,reported,reported,endpoint,
887343,"COLUMBIA BANKING SYSTEM, INC.",2011-06-30,1,0.0045608153418269445,reported,reported,endpoint,
887343,"COLUMBIA BANKING SYSTEM, INC.",2011-09-30,1,0.004031690429656578,reported,reported,endpoint,
887343,"COLUMBIA BANKING SYSTEM, INC.",2011-12-31,1,0.0028549802037631826,reported,reported,endpoint,
887343,"COLUMBIA BANKING SYSTEM, INC.",2012-03-31,1,0.0026527216118527003,reported,reported,endpoint,
887343,"COLUMBIA BANKING SYSTEM, INC.",2012-06-30,1,0.002322272167025074,reported,reported,endpoint,
887343,"COLUMBIA BANKING SYSTEM, INC.",2012-09-30,1,0.0020060342078271664,reported,reported,endpoint,
887343,"COLUMBIA BANKING SYSTEM, INC.",2012-12-31,1,0.0017931335454020522,reported,reported,endpoint,
887343,"COLUMBIA BANKING SYSTEM, INC.",2013-03-31,1,0.0015859830555405368,reported,reported,endpoint,
887343,"COLUMBIA BANKING SYSTEM, INC.",2013-06-30,1,0.001285595928295704,reported,reported,endpoint,
887343,"COLUMBIA BANKING SYSTEM, INC.",2013-09-30,1,0.0009747272580143185,reported,reported,endpoint,
887343,"COLUMBIA BANKING SYSTEM, INC.",2013-12-31,1,0.0009336661660887203,reported,reported,endpoint,
887343,"COLUMBIA BANKING SYSTEM, INC.",2014-03-31,1,0.0007908530275368294,reported,reported,endpoint,
887343,"COLUMBIA BANKING SYSTEM, INC.",2014-06-30,1,0.0007659461799353622,reported,reported,endpoint,
887343,"COLUMBIA BANKING SYSTEM, INC.",2014-09-30,1,0.0007420224456586289,reported,reported,endpoint,
887343,"COLUMBIA BANKING SYSTEM, INC.",2014-12-31,1,0.0007945585962471557,reported,reported,endpoint,
887343,"COLUMBIA BANKING SYSTEM, INC.",2015-03-31,1,0.0007398671948276557,reported,reported,endpoint,
887343,"COLUMBIA BANKING SYSTEM, INC.",2015-06-30,1,0.0007737121874307318,reported,reported,endpoint,
887343,"COLUMBIA BANKING SYSTEM, INC.",2015-09-30,1,0.0007789124897999555,reported,reported,endpoint,
887343,"COLUMBIA BANKING SYSTEM, INC.",2015-12-31,1,0.0007461216687270686,reported,reported,endpoint,
887343,"COLUMBIA BANKING SYSTEM, INC.",2016-03-31,1,0.0007443304987917169,reported,reported,endpoint,
887343,"COLUMBIA BANKING SYSTEM, INC.",2016-06-30,1,0.0007807788517069555,reported,reported,endpoint,
887343,"COLUMBIA BANKING SYSTEM, INC.",2016-09-30,1,0.000809278282088056,reported,reported,endpoint,
887343,"COLUMBIA BANKING SYSTEM, INC.",2016-12-31,1,0.0007601179154786787,reported,reported,endpoint,
887343,"COLUMBIA BANKING SYSTEM, INC.",2017-03-31,1,0.0007635549498213663,reported,reported,endpoint,
887343,"COLUMBIA BANKING SYSTEM, INC.",2017-06-30,1,0.0008754409292496938,reported,reported,endpoint,
887343,"COLUMBIA BANKING SYSTEM, INC.",2017-09-30,1,0.0010328328552428247,reported,reported,endpoint,
887343,"COLUMBIA BANKING SYSTEM, INC.",2017-12-31,1,0.001672465048675288,reported,reported,endpoint,
887343,"COLUMBIA BANKING SYSTEM, INC.",2018-03-31,1,0.0018383509574271366,reported,reported,endpoint,
887343,"COLUMBIA BANKING SYSTEM, INC.",2018-06-30,1,0.0018879994949674757,reported,reported,endpoint,
887343,"COLUMBIA BANKING SYSTEM, INC.",2018-09-30,1,0.002368750154167207,reported,reported,endpoint,
887343,"COLUMBIA BANKING SYSTEM, INC.",2018-12-31,1,0.002895515154263558,reported,reported,endpoint,
887343,"COLUMBIA BANKING SYSTEM, INC.",2019-03-31,1,0.0034292191312384384,reported,reported,endpoint,
887343,"COLUMBIA BANKING SYSTEM, INC.",2019-06-30,1,0.00383070493612236,reported,reported,endpoint,
887343,"COLUMBIA BANKING SYSTEM, INC.",2019-09-30,1,0.005148218025870677,reported,reported,endpoint,
887343,"COLUMBIA BANKING SYSTEM, INC.",2019-12-31,1,0.004266679202041381,reported,reported,endpoint,
887343,"COLUMBIA BANKING SYSTEM, INC.",2020-03-31,1,0.002686482115475579,reported,reported,endpoint,
887343,"COLUMBIA BANKING SYSTEM, INC.",2020-06-30,1,0.0014076260527785826,reported,reported,endpoint,
887343,"COLUMBIA BANKING SYSTEM, INC.",2020-09-30,1,0.0012230041281726626,reported,reported,endpoint,
887343,"COLUMBIA BANKING SYSTEM, INC.",2020-12-31,1,0.0009522795778051507,reported,reported,endpoint,
887343,"COLUMBIA BANKING SYSTEM, INC.",2021-03-31,1,0.0008307900295685724,reported,reported,endpoint,
887343,"COLUMBIA BANKING SYSTEM, INC.",2021-06-30,1,0.0007612894968142024,reported,reported,endpoint,
887343,"COLUMBIA BANKING SYSTEM, INC.",2021-09-30,1,0.0007516724776632818,reported,reported,endpoint,
887343,"COLUMBIA BANKING SYSTEM, INC.",2021-12-31,1,0.010631731788280445,reported,reported,endpoint,
887343,"COLUMBIA BANKING SYSTEM, INC.",2022-03-31,1,0.0016786625740335848,reported,reported,endpoint,
887343,"COLUMBIA BANKING SYSTEM, INC.",2022-06-30,1,0.0017153984191738392,reported,reported,endpoint,
887343,"COLUMBIA BANKING SYSTEM, INC.",2022-09-30,1,0.003985641168647868,reported,reported,endpoint,
887343,"COLUMBIA BANKING SYSTEM, INC.",2022-12-31,1,0.009663801674758778,reported,reported,endpoint,
887343,"COLUMBIA BANKING SYSTEM, INC.",2023-03-31,1,0.012367850170785084,reported,reported,endpoint,
887343,"COLUMBIA BANKING SYSTEM, INC.",2023-06-30,1,0.016331126238472982,reported,reported,endpoint,
887343,"COLUMBIA BANKING SYSTEM, INC.",2023-09-30,1,0.019953904506791208,reported,reported,endpoint,
887343,"COLUMBIA BANKING SYSTEM, INC.",2023-12-31,1,0.025598598615006612,reported,reported,endpoint,
887343,"COLUMBIA BANKING SYSTEM, INC.",2024-03-31,1,0.02873361932287572,reported,reported,endpoint,
887343,"COLUMBIA BANKING SYSTEM, INC.",2024-06-30,1,0.029647441541148685,reported,reported,endpoint,
887343,"COLUMBIA BANKING SYSTEM, INC.",2024-09-30,1,0.02970246890527249,reported,reported,endpoint,
887343,"COLUMBIA BANKING SYSTEM, INC.",2024-12-31,1,0.026811542149012133,reported,reported,endpoint,
887343,"COLUMBIA BANKING SYSTEM, INC.",2025-03-31,1,0.02474799039239669,reported,reported,endpoint,
887343,"COLUMBIA BANKING SYSTEM, INC.",2025-06-30,1,0.025119144550786225,reported,reported,endpoint,
887343,"COLUMBIA BANKING SYSTEM, INC.",2025-09-30,1,0.023464282984306636,reported,reported,endpoint,
887343,"COLUMBIA BANKING SYSTEM, INC.",2025-12-31,1,0.02086872767648121,reported,reported,endpoint,
887343,"COLUMBIA BANKING SYSTEM, INC.",2026-03-31,1,0.02026264350411585,reported,reported,endpoint,
887343,"COLUMBIA BANKING SYSTEM, INC.",2026-06-30,1,0.019577887172523057,reported,reported,endpoint,
875357,BOK FINANCIAL CORP,2009-06-30,2,0.012310283950838835,reported,reported,closing_only,
875357,BOK FINANCIAL CORP,2009-09-30,2,0.009771859417926985,reported,reported,endpoint,
875357,BOK FINANCIAL CORP,2009-12-31,2,0.008098891034414996,reported,reported,endpoint,
875357,BOK FINANCIAL CORP,2010-03-31,2,0.007116466592006943,reported,reported,endpoint,
875357,BOK FINANCIAL CORP,2010-06-30,2,0.0066530410738998205,reported,reported,endpoint,
875357,BOK FINANCIAL CORP,2010-09-30,2,0.006627997473480095,reported,reported,endpoint,
875357,BOK FINANCIAL CORP,2010-12-31,2,0.005903242583625054,reported,reported,endpoint,
875357,BOK FINANCIAL CORP,2011-03-31,2,0.0054871639659115476,reported,reported,endpoint,
875357,BOK FINANCIAL CORP,2011-06-30,2,0.005225218685470009,reported,reported,endpoint,
875357,BOK FINANCIAL CORP,2011-09-30,2,0.004975891813048525,reported,reported,endpoint,
875357,BOK FINANCIAL CORP,2011-12-31,2,0.004146273055660345,reported,reported,endpoint,
875357,BOK FINANCIAL CORP,2012-03-31,2,0.0037543447762660312,reported,reported,endpoint,
875357,BOK FINANCIAL CORP,2012-06-30,2,0.003554785942350655,reported,reported,endpoint,
875357,BOK FINANCIAL CORP,2012-09-30,2,0.0033951681831552133,reported,reported,endpoint,
875357,BOK FINANCIAL CORP,2012-12-31,2,0.003414122544292092,reported,reported,endpoint,
875357,BOK FINANCIAL CORP,2013-03-31,2,0.00290082560028788,reported,reported,endpoint,
875357,BOK FINANCIAL CORP,2013-06-30,2,0.0028272824216347783,reported,reported,endpoint,
875357,BOK FINANCIAL CORP,2013-09-30,2,0.002775426263825288,reported,reported,endpoint,
875357,BOK FINANCIAL CORP,2013-12-31,2,0.0026655277276602476,reported,reported,endpoint,
875357,BOK FINANCIAL CORP,2014-03-31,2,0.0025551021371876957,reported,reported,endpoint,
875357,BOK FINANCIAL CORP,2014-06-30,2,0.002495411736711211,reported,reported,endpoint,
875357,BOK FINANCIAL CORP,2014-09-30,2,0.0024902033532284637,reported,reported,endpoint,
875357,BOK FINANCIAL CORP,2014-12-31,2,0.002355978765585206,reported,reported,endpoint,
875357,BOK FINANCIAL CORP,2015-03-31,2,0.0022896753281052254,reported,reported,endpoint,
875357,BOK FINANCIAL CORP,2015-06-30,2,0.002135073028082578,reported,reported,endpoint,
875357,BOK FINANCIAL CORP,2015-09-30,2,0.002059733816209209,reported,reported,endpoint,
875357,BOK FINANCIAL CORP,2015-12-31,2,0.0019311587832635112,reported,reported,endpoint,
875357,BOK FINANCIAL CORP,2016-03-31,2,0.0020318756026468927,reported,reported,endpoint,
875357,BOK FINANCIAL CORP,2016-06-30,2,0.001942196439706416,reported,reported,endpoint,
875357,BOK FINANCIAL CORP,2016-09-30,2,0.0018754134033905619,reported,reported,endpoint,
875357,BOK FINANCIAL CORP,2016-12-31,2,0.0018507604724694248,reported,reported,endpoint,
875357,BOK FINANCIAL CORP,2017-03-31,2,0.0020040838017332044,reported,reported,endpoint,
875357,BOK FINANCIAL CORP,2017-06-30,2,0.002249317821350712,reported,reported,endpoint,
875357,BOK FINANCIAL CORP,2017-09-30,2,0.00263197501398916,reported,reported,endpoint,
875357,BOK FINANCIAL CORP,2017-12-31,2,0.0027870124527367545,reported,reported,endpoint,
875357,BOK FINANCIAL CORP,2018-03-31,2,0.0032926023863867272,reported,reported,endpoint,
875357,BOK FINANCIAL CORP,2018-06-30,2,0.003779290719996077,reported,reported,endpoint,
875357,BOK FINANCIAL CORP,2018-09-30,2,0.004481119653451557,reported,reported,endpoint,
875357,BOK FINANCIAL CORP,2018-12-31,2,0.005424763687996593,reported,reported,endpoint,
875357,BOK FINANCIAL CORP,2019-03-31,2,0.0059162497740661655,reported,reported,endpoint,
875357,BOK FINANCIAL CORP,2019-06-30,2,0.006822373468466873,reported,reported,endpoint,
875357,BOK FINANCIAL CORP,2019-09-30,2,0.007292014366513246,reported,reported,endpoint,
875357,BOK FINANCIAL CORP,2019-12-31,2,0.007142229815124658,reported,reported,endpoint,
875357,BOK FINANCIAL CORP,2020-03-31,2,0.006493799735937475,reported,reported,endpoint,
875357,BOK FINANCIAL CORP,2020-06-30,2,0.002248462877222175,reported,reported,endpoint,
875357,BOK FINANCIAL CORP,2020-09-30,2,0.0017028020811754377,reported,reported,endpoint,
875357,BOK FINANCIAL CORP,2020-12-31,2,0.0012862206553493347,reported,reported,endpoint,
875357,BOK FINANCIAL CORP,2021-03-31,2,0.0010649151461286563,reported,reported,endpoint,
875357,BOK FINANCIAL CORP,2021-06-30,2,0.0008951747808173182,reported,reported,endpoint,
875357,BOK FINANCIAL CORP,2021-09-30,2,0.0008072193316023841,reported,reported,endpoint,
875357,BOK FINANCIAL CORP,2021-12-31,2,0.000756607307242968,reported,reported,endpoint,
875357,BOK FINANCIAL CORP,2022-03-31,2,0.0007535081130673733,reported,reported,endpoint,
875357,BOK FINANCIAL CORP,2022-06-30,2,0.001420926211049185,reported,reported,endpoint,
875357,BOK FINANCIAL CORP,2022-09-30,2,0.003701214341344639,reported,reported,endpoint,
875357,BOK FINANCIAL CORP,2022-12-31,2,0.007399393652334907,reported,reported,endpoint,
875357,BOK FINANCIAL CORP,2023-03-31,2,0.011365575561948763,reported,reported,endpoint,
875357,BOK FINANCIAL CORP,2023-06-30,2,0.016596860840259648,reported,reported,endpoint,
875357,BOK FINANCIAL CORP,2023-09-30,2,0.02208396607515498,reported,reported,endpoint,
875357,BOK FINANCIAL CORP,2023-12-31,2,0.02480768595069533,reported,reported,endpoint,
875357,BOK FINANCIAL CORP,2024-03-31,2,0.027909241365764323,reported,reported,endpoint,
875357,BOK FINANCIAL CORP,2024-06-30,2,0.028454011382671215,reported,reported,endpoint,
875357,BOK FINANCIAL CORP,2024-09-30,2,0.02952307812128371,reported,reported,endpoint,
875357,BOK FINANCIAL CORP,2024-12-31,2,0.027338068980243376,reported,reported,endpoint,
875357,BOK FINANCIAL CORP,2025-03-31,2,0.025219076618550756,reported,reported,endpoint,
875357,BOK FINANCIAL CORP,2025-06-30,2,0.024926163416051965,reported,reported,endpoint,
875357,BOK FINANCIAL CORP,2025-09-30,2,0.025208620625246664,reported,reported,endpoint,
875357,BOK FINANCIAL CORP,2025-12-31,2,0.024063430069643656,reported,reported,endpoint,
875357,BOK FINANCIAL CORP,2026-03-31,2,0.02142542558156261,reported,reported,endpoint,
875357,BOK FINANCIAL CORP,2026-06-30,2,0.021403414816434423,reported,reported,endpoint,
1102112,PACWEST BANCORP,2010-12-31,1,0.007572540871369816,reported,reported,closing_only,
1102112,PACWEST BANCORP,2011-06-30,1,0.007645081457594771,reported,reported,closing_only,
1102112,PACWEST BANCORP,2011-09-30,1,0.006979942985205466,reported,reported,endpoint,
1102112,PACWEST BANCORP,2011-12-31,1,0.005641998165284901,reported,reported,endpoint,
1102112,PACWEST BANCORP,2012-03-31,1,0.005091612648927727,reported,reported,endpoint,
1102112,PACWEST BANCORP,2012-06-30,1,0.004861324383017278,reported,reported,endpoint,
1102112,PACWEST BANCORP,2012-09-30,1,0.004789041067991072,reported,reported,endpoint,
1102112,PACWEST BANCORP,2012-12-31,1,0.004380334546429438,reported,reported,endpoint,
1102112,PACWEST BANCORP,2013-03-31,1,0.003937639181665229,reported,reported,endpoint,
1102112,PACWEST BANCORP,2013-06-30,1,0.002843379679144385,reported,reported,endpoint,
1102112,PACWEST BANCORP,2013-09-30,1,0.002136292831203511,reported,reported,endpoint,
1102112,PACWEST BANCORP,2013-12-31,1,0.00191198380351927,reported,reported,endpoint,
1102112,PACWEST BANCORP,2014-03-31,1,0.0016497372204284603,reported,reported,endpoint,
1102112,PACWEST BANCORP,2014-06-30,1,0.004898125125898326,reported,reported,endpoint,
1102112,PACWEST BANCORP,2014-09-30,1,0.003999249290770175,reported,reported,endpoint,
1102112,PACWEST BANCORP,2014-12-31,1,0.004557398073948605,reported,reported,endpoint,
1102112,PACWEST BANCORP,2015-03-31,1,0.004728660447523782,reported,reported,endpoint,
1102112,PACWEST BANCORP,2015-06-30,1,0.0049676503495884984,reported,reported,endpoint,
1102112,PACWEST BANCORP,2015-09-30,1,0.0046762040621262935,reported,reported,endpoint,
1102112,PACWEST BANCORP,2015-12-31,1,0.004150303660275261,reported,reported,endpoint,
1102112,PACWEST BANCORP,2016-03-31,1,0.0038616441387244477,reported,reported,endpoint,
1102112,PACWEST BANCORP,2016-06-30,1,0.003433639340035031,reported,reported,endpoint,
1102112,PACWEST BANCORP,2016-09-30,1,0.003212138488290371,reported,reported,endpoint,
1102112,PACWEST BANCORP,2016-12-31,1,0.0032152157500194845,reported,reported,endpoint,
1102112,PACWEST BANCORP,2017-03-31,1,0.003573653953983926,reported,reported,endpoint,
1102112,PACWEST BANCORP,2017-06-30,1,0.004140980397905406,reported,reported,endpoint,
1102112,PACWEST BANCORP,2017-09-30,1,0.0052191857884497815,reported,reported,endpoint,
1102112,PACWEST BANCORP,2017-12-31,1,0.005555604190008113,reported,reported,endpoint,
1102112,PACWEST BANCORP,2018-03-31,1,0.005471353890836235,reported,reported,endpoint,
1102112,PACWEST BANCORP,2018-06-30,1,0.00666351581070986,reported,reported,endpoint,
1102112,PACWEST BANCORP,2018-09-30,1,0.008513055807552782,reported,reported,endpoint,
1102112,PACWEST BANCORP,2018-12-31,1,0.010970459439352414,reported,reported,endpoint,
1102112,PACWEST BANCORP,2019-03-31,1,0.01214270614757529,reported,reported,endpoint,
1102112,PACWEST BANCORP,2019-06-30,1,0.013421108375753426,reported,reported,endpoint,
1102112,PACWEST BANCORP,2019-09-30,1,0.013682507946593914,reported,reported,endpoint,
1102112,PACWEST BANCORP,2019-12-31,1,0.011466057067701364,reported,reported,endpoint,
1102112,PACWEST BANCORP,2020-03-31,1,0.009393999016518441,reported,reported,endpoint,
1102112,PACWEST BANCORP,2020-06-30,1,0.003967432913497256,reported,reported,endpoint,
1102112,PACWEST BANCORP,2020-09-30,1,0.002735183469029155,reported,reported,endpoint,
1102112,PACWEST BANCORP,2020-12-31,1,0.0022272394826805555,reported,reported,endpoint,
1102112,PACWEST BANCORP,2021-03-31,1,0.0018207905696643728,reported,reported,endpoint,
1102112,PACWEST BANCORP,2021-06-30,1,0.00163345667122193,reported,reported,endpoint,
1102112,PACWEST BANCORP,2021-09-30,1,0.0014231265888232834,reported,reported,endpoint,
1102112,PACWEST BANCORP,2021-12-31,1,0.0013892588337164747,reported,reported,endpoint,
1102112,PACWEST BANCORP,2022-03-31,1,0.001253430250735517,reported,reported,endpoint,
1102112,PACWEST BANCORP,2022-06-30,1,0.003087996932104597,reported,reported,endpoint,
1102112,PACWEST BANCORP,2022-09-30,1,0.011659957509397271,reported,reported,endpoint,
1102112,PACWEST BANCORP,2022-12-31,1,0.021310393669205074,reported,reported,endpoint,
1102112,PACWEST BANCORP,2023-03-31,1,0.02842100866076238,reported,reported,endpoint,
1102112,PACWEST BANCORP,2023-06-30,1,0.03326420926000558,reported,reported,endpoint,
1102112,PACWEST BANCORP,2023-09-30,1,0.038446178567354806,reported,reported,endpoint,
